topology,layout,permutation,input_port,output_port,route_status,failure_reason,physical_wiring_um,bend_count,crossing_count,physical_il_db,topology_il_db,il_delta_db,topology_wiring_um,wiring_delta_um,mrr_loss_db,sxr_db,n_logical,layer,perm_idx,seed
padded_benes_4x4,default,2-1-3-0,0,2,routed,,664.809725,15,8,3.355958,1.905339,1.450619,377.000000,287.809725,1.151339,11.271180,4,physical,0,42
padded_benes_4x4,default,2-1-3-0,1,1,routed,,915.247780,12,8,3.358787,1.574292,1.784496,453.000000,462.247780,0.668292,19.439827,4,physical,0,42
padded_benes_4x4,default,2-1-3-0,2,3,routed,,1092.225651,19,11,4.530790,1.977339,2.553451,413.000000,679.225651,1.151339,10.597570,4,physical,0,42
padded_benes_4x4,default,2-1-3-0,3,0,routed,,734.809725,15,5,3.679005,2.420385,1.258619,393.000000,341.809725,1.634385,7.561953,4,physical,0,42
padded_benes_4x4,default,3-2-0-1,0,3,routed,,734.809725,15,5,3.679005,2.420385,1.258619,393.000000,341.809725,1.634385,7.985623,4,physical,1,42
padded_benes_4x4,default,3-2-0-1,1,2,routed,,916.663706,16,5,4.047713,2.484385,1.563327,425.000000,491.663706,1.634385,7.921623,4,physical,1,42
padded_benes_4x4,default,3-2-0-1,2,0,routed,,591.393798,11,6,2.989126,1.905339,1.083788,377.000000,214.393798,1.151339,10.841876,4,physical,1,42
padded_benes_4x4,default,3-2-0-1,3,1,routed,,1012.663706,16,6,3.856666,2.033339,1.823327,441.000000,571.663706,1.151339,10.713876,4,physical,1,42
padded_benes_4x4,default,1-3-2-0,0,1,routed,,563.393798,11,3,2.633126,1.849339,0.783788,349.000000,214.393798,1.151339,11.501892,4,physical,2,42
padded_benes_4x4,default,1-3-2-0,1,3,failed,capped rip-up hop exhausted bounded candidates before A*: same-net avoidance candidate outside route window,,,,,2.033339,,441.000000,,1.151339,10.690639,4,physical,2,42
padded_benes_4x4,default,1-3-2-0,2,2,routed,,739.393798,11,5,2.702079,1.510292,1.191788,421.000000,318.393798,0.668292,19.209592,4,physical,2,42
padded_benes_4x4,default,1-3-2-0,3,0,routed,,884.663706,16,4,3.883713,2.484385,1.399327,425.000000,459.663706,1.634385,7.700826,4,physical,2,42
waksman_4x4,default,2-1-3-0,0,2,routed,,651.685835,9,6,2.876946,1.622575,1.254372,347.000000,304.685835,0.928575,11.797311,4,physical,0,42
waksman_4x4,default,2-1-3-0,1,1,routed,,915.247780,12,7,3.258787,1.574292,1.684496,453.000000,462.247780,0.668292,19.495029,4,physical,0,42
waksman_4x4,default,2-1-3-0,2,3,routed,,783.393798,11,6,3.150362,1.686575,1.463788,379.000000,404.393798,0.928575,11.082975,4,physical,0,42
waksman_4x4,default,2-1-3-0,3,0,routed,,712.809725,15,5,3.635005,2.420385,1.214619,393.000000,319.809725,1.634385,7.566281,4,physical,0,42
waksman_4x4,default,3-2-0-1,0,3,routed,,667.247780,12,3,3.106117,2.193621,0.912496,391.000000,276.247780,1.411621,7.911880,4,physical,1,42
waksman_4x4,default,3-2-0-1,1,2,routed,,639.247780,12,3,3.050117,2.137621,0.912496,363.000000,276.247780,1.411621,7.972332,4,physical,1,42
waksman_4x4,default,3-2-0-1,2,0,routed,,621.393798,11,8,3.249126,1.905339,1.343788,377.000000,244.393798,1.151339,11.280214,4,physical,1,42
waksman_4x4,default,3-2-0-1,3,1,routed,,1056.371669,18,8,4.154082,2.033339,2.120743,441.000000,615.371669,1.151339,11.161267,4,physical,1,42
waksman_4x4,default,1-3-2-0,0,1,routed,,563.393798,11,5,2.833126,1.849339,0.983788,349.000000,214.393798,1.151339,11.501892,4,physical,2,42
waksman_4x4,default,1-3-2-0,1,3,routed,,759.539816,10,4,2.897654,1.742575,1.155080,407.000000,352.539816,0.928575,11.215920,4,physical,2,42
waksman_4x4,default,1-3-2-0,2,2,routed,,695.685835,9,6,2.481900,1.227528,1.254372,391.000000,304.685835,0.445528,21.027302,4,physical,2,42
waksman_4x4,default,1-3-2-0,3,0,routed,,884.663706,16,5,3.983713,2.484385,1.499327,425.000000,459.663706,1.634385,7.709900,4,physical,2,42
spanke_benes_4x4,default,2-1-3-0,0,2,routed,,1100.809725,15,6,4.733769,3.135149,1.598619,639.000000,461.809725,1.857149,6.950375,4,physical,0,42
spanke_benes_4x4,default,2-1-3-0,1,1,routed,,781.831853,8,4,3.638049,2.712385,0.925664,539.000000,242.831853,1.634385,7.815852,4,physical,0,42
spanke_benes_4x4,default,2-1-3-0,2,3,routed,,935.539816,10,3,3.149654,2.126575,1.023080,599.000000,336.539816,0.928575,10.667698,4,physical,0,42
spanke_benes_4x4,default,2-1-3-0,3,0,routed,,974.809725,15,3,4.442052,3.339432,1.102619,611.000000,363.809725,2.117432,5.648899,4,physical,0,42
spanke_benes_4x4,default,3-2-0-1,0,3,routed,,966.955743,14,3,4.421344,3.339432,1.081911,611.000000,355.955743,2.117432,4.899655,4,physical,1,42
spanke_benes_4x4,default,3-2-0-1,1,2,routed,,909.247780,12,3,4.295928,3.283432,1.012496,583.000000,326.247780,2.117432,5.413230,4,physical,1,42
spanke_benes_4x4,default,3-2-0-1,2,0,routed,,841.247780,12,4,3.776881,2.768385,1.008496,567.000000,274.247780,1.634385,7.828069,4,physical,1,42
spanke_benes_4x4,default,3-2-0-1,3,1,routed,,1084.955743,14,4,4.274297,2.888385,1.385911,627.000000,457.955743,1.634385,8.394864,4,physical,1,42
spanke_benes_4x4,default,1-3-2-0,0,1,routed,,690.269908,5,5,3.056878,2.197339,0.859540,523.000000,167.269908,1.151339,11.603905,4,physical,2,42
spanke_benes_4x4,default,1-3-2-0,1,3,routed,,1060.955743,14,4,4.226297,2.888385,1.337911,627.000000,433.955743,1.634385,6.983242,4,physical,2,42
spanke_benes_4x4,default,1-3-2-0,2,2,routed,,1064.955743,14,4,4.234297,2.888385,1.345911,627.000000,437.955743,1.634385,7.433795,4,physical,2,42
spanke_benes_4x4,default,1-3-2-0,3,0,routed,,974.809725,15,3,4.442052,3.339432,1.102619,611.000000,363.809725,2.117432,5.661173,4,physical,2,42
padded_benes_8x8,default,3-1-2-4-0,0,3,routed,,1026.225651,19,8,5.027365,3.365913,1.661451,643.000000,383.225651,2.079913,7.797064,5,physical,0,42
padded_benes_8x8,default,3-1-2-4-0,1,1,routed,,1264.079633,20,7,4.441979,2.519820,1.922159,703.000000,561.079633,1.113820,17.479472,5,physical,0,42
padded_benes_8x8,default,3-1-2-4-0,2,2,routed,,1611.349541,25,11,6.527612,3.693913,2.833699,807.000000,804.349541,2.079913,6.665350,5,physical,0,42
padded_benes_8x8,default,3-1-2-4-0,3,4,routed,,1480.911486,28,6,6.264783,4.072960,2.191823,755.000000,725.911486,2.562960,6.213122,5,physical,0,42
padded_benes_8x8,default,3-1-2-4-0,4,0,failed,"capped rip-up hop exhausted bounded candidates before A*: same-net avoidance candidate segment is blocked; blocked_by=padded_benes_8x8_s1_w5_7/obstacle:(160.000,32.000)->(568.000,32.000)",,,,,3.952960,,695.000000,,2.562960,6.697651,5,physical,0,42
padded_benes_8x8,default,3-2-0-4-1,0,3,routed,,1046.225651,19,9,5.167365,3.365913,1.801451,643.000000,403.225651,2.079913,7.797064,5,physical,1,42
padded_benes_8x8,default,3-2-0-4-1,1,2,routed,,1269.495559,24,9,5.638904,3.429913,2.208991,675.000000,594.495559,2.079913,7.498947,5,physical,1,42
padded_benes_8x8,default,3-2-0-4-1,2,0,routed,,1583.641578,23,12,7.045243,4.200960,2.844283,819.000000,764.641578,2.562960,4.819887,5,physical,1,42
padded_benes_8x8,default,3-2-0-4-1,3,4,routed,,1443.203522,26,9,6.479367,4.072960,2.406407,755.000000,688.203522,2.562960,6.213122,5,physical,1,42
padded_benes_8x8,default,3-2-0-4-1,4,1,routed,,1359.349541,25,5,6.389706,4.468007,1.921699,711.000000,648.349541,3.046007,4.878192,5,physical,1,42
padded_benes_8x8,default,3-1-2-0-4,0,3,routed,,988.517688,17,11,5.241949,3.365913,1.876035,643.000000,345.517688,2.079913,7.430130,5,physical,2,42
padded_benes_8x8,default,3-1-2-0-4,1,1,routed,,1232.663706,16,12,4.859147,2.519820,2.339327,703.000000,529.663706,1.113820,17.306698,5,physical,2,42
padded_benes_8x8,default,3-1-2-0-4,2,2,routed,,1709.349541,25,14,7.023612,3.693913,3.329699,807.000000,902.349541,2.079913,6.665350,5,physical,2,42
padded_benes_8x8,default,3-1-2-0-4,3,0,routed,,1399.641578,23,11,6.094196,3.685913,2.408283,803.000000,596.641578,2.079913,6.368176,5,physical,2,42
padded_benes_8x8,default,3-1-2-0-4,4,4,routed,,1170.517688,17,10,4.539855,2.599820,1.940035,743.000000,427.517688,1.113820,22.205182,5,physical,2,42
waksman_5x5,default,3-1-2-4-0,0,3,routed,,1264.517688,17,11,5.571185,3.095149,2.476035,619.000000,645.517688,1.857149,7.424391,5,physical,0,42
waksman_5x5,default,3-1-2-4-0,1,1,routed,,1144.955743,14,10,4.028203,1.994292,2.033911,663.000000,481.955743,0.668292,18.777157,5,physical,0,42
waksman_5x5,default,3-1-2-4-0,2,2,routed,,1204.225651,19,6,4.737837,2.848385,1.889451,607.000000,597.225651,1.634385,7.551369,5,physical,0,42
waksman_5x5,default,3-1-2-4-0,3,4,failed,"capped rip-up hop exhausted bounded candidates before A*: deterministic hop candidate segment is blocked; blocked_by=I0/external/spacing:(144.000,55.000)->(430.000,55.000)",,,,,3.391432,,637.000000,,2.117432,4.911823,5,physical,0,42
waksman_5x5,default,3-1-2-4-0,4,0,routed,,829.685835,9,7,3.555710,2.305339,1.250372,577.000000,252.685835,1.151339,11.518892,5,physical,0,42
waksman_5x5,default,3-2-0-4-1,0,3,routed,,1264.225651,19,10,5.480601,3.095149,2.385451,619.000000,645.225651,1.857149,7.424391,5,physical,1,42
waksman_5x5,default,3-2-0-4-1,1,2,routed,,1126.663706,16,9,4.867713,2.904385,1.963327,635.000000,491.663706,1.634385,7.849914,5,physical,1,42
waksman_5x5,default,3-2-0-4-1,2,0,routed,,1036.517688,17,6,4.875468,3.355432,1.520035,619.000000,417.517688,2.117432,5.237131,5,physical,1,42
waksman_5x5,default,3-2-0-4-1,3,4,routed,,1048.663706,16,8,5.094760,3.391432,1.703327,637.000000,411.663706,2.117432,4.911823,5,physical,1,42
waksman_5x5,default,3-2-0-4-1,4,1,routed,,929.101761,13,5,4.057589,2.820385,1.237204,593.000000,336.101761,1.634385,8.436391,5,physical,1,42
waksman_5x5,default,3-1-2-0-4,0,3,failed,"cannot route waksman_5x5_s1_w0_2.th to waksman_5x5_s2_w0_4.in on physical grid: blocked by port access (port_access_overlap_owner); candidate=(376.000,112.000)->(370.000,112.000) region=I0/waksman_5x5_s3_w0_2.in:(384.000,112.000)->(370.000,112.000); soft_repeat=I1/repeated_crossing pair=I0-I1 at=(248.000,112.000) source=I0->I1@(48.000,130.000):(20.000,130.000)->(55.000,130.000)x(48.000,122.000)->(48.000,143.000) counters=port_access:90,window:1139,same_net:676,crossing_candidate:26,crossing_budget:0,hard_reserved_crossing:0,soft_repeated_crossing:911,soft_reserved_crossing:0,reserved_spacing:112,segment:2927,pops:13930,max_heap:321",,,,,3.365913,,643.000000,,2.079913,7.106162,5,physical,2,42
waksman_5x5,default,3-1-2-0-4,1,1,routed,,1244.663706,16,6,3.837619,1.994292,1.843327,663.000000,581.663706,0.668292,18.969857,5,physical,2,42
waksman_5x5,default,3-1-2-0-4,2,2,routed,,1150.517688,17,6,4.620421,2.848385,1.772035,607.000000,543.517688,1.634385,7.643662,5,physical,2,42
waksman_5x5,default,3-1-2-0-4,3,0,routed,,1255.641578,23,8,5.283433,3.095149,2.188283,619.000000,636.641578,1.857149,6.956127,5,physical,2,42
waksman_5x5,default,3-1-2-0-4,4,4,routed,,918.123890,6,4,2.489012,1.364764,1.124248,571.000000,347.123890,0.222764,24.309551,5,physical,2,42
spanke_benes_5x5,default,3-1-2-4-0,0,3,routed,,1470.225651,19,7,6.298411,4.316960,1.981451,877.000000,593.225651,2.562960,3.982697,5,physical,0,42
spanke_benes_5x5,default,3-1-2-4-0,1,1,routed,,991.831853,8,6,4.480813,3.323149,1.157664,733.000000,258.831853,1.857149,7.354263,5,physical,0,42
spanke_benes_5x5,default,3-1-2-4-0,2,2,routed,,1562.079633,20,8,6.104073,3.865913,2.238159,893.000000,669.079633,2.079913,6.806477,5,physical,0,42
spanke_benes_5x5,default,3-1-2-4-0,3,4,routed,,1147.539816,10,3,3.573654,2.546575,1.027080,809.000000,338.539816,0.928575,10.279425,5,physical,0,42
spanke_benes_5x5,default,3-1-2-4-0,4,0,routed,,1312.225651,19,4,5.942694,4.521243,1.421451,849.000000,463.225651,2.823243,3.578313,5,physical,0,42
spanke_benes_5x5,default,3-2-0-4-1,0,3,routed,,1470.225651,19,7,6.298411,4.316960,1.981451,877.000000,593.225651,2.562960,3.990191,5,physical,1,42
spanke_benes_5x5,default,3-2-0-4-1,1,2,routed,,1406.371669,18,7,6.165703,4.260960,1.904743,849.000000,557.371669,2.562960,4.505371,5,physical,1,42
spanke_benes_5x5,default,3-2-0-4-1,2,0,routed,,1051.247780,12,6,4.619645,3.379149,1.240496,761.000000,290.247780,1.857149,7.131760,5,physical,1,42
spanke_benes_5x5,default,3-2-0-4-1,3,4,routed,,1147.539816,10,3,3.573654,2.546575,1.027080,809.000000,338.539816,0.928575,10.279425,5,physical,1,42
spanke_benes_5x5,default,3-2-0-4-1,4,1,routed,,1432.225651,19,5,5.799647,4.070196,1.729451,865.000000,567.225651,2.340196,5.331719,5,physical,1,42
spanke_benes_5x5,default,3-1-2-0-4,0,3,routed,,1501.933614,21,9,6.571827,4.316960,2.254867,877.000000,624.933614,2.562960,3.778067,5,physical,2,42
spanke_benes_5x5,default,3-1-2-0-4,1,1,routed,,1266.955743,14,8,5.483825,3.689913,1.793911,805.000000,461.955743,2.079913,6.649912,5,physical,2,42
spanke_benes_5x5,default,3-1-2-0-4,2,2,routed,,1578.079633,20,8,6.136073,3.865913,2.270159,893.000000,685.079633,2.079913,6.526555,5,physical,2,42
spanke_benes_5x5,default,3-1-2-0-4,3,0,routed,,1186.517688,17,5,5.298232,3.950196,1.348035,805.000000,381.517688,2.340196,5.300500,5,physical,2,42
spanke_benes_5x5,default,3-1-2-0-4,4,4,routed,,1052.123890,6,4,2.757012,1.784764,0.972248,781.000000,271.123890,0.222764,25.561456,5,physical,2,42
padded_benes_8x8,default,3-1-2-4-0-5,0,3,routed,,1026.225651,19,10,5.227365,3.365913,1.861451,643.000000,383.225651,2.079913,7.797064,6,physical,0,42
padded_benes_8x8,default,3-1-2-4-0-5,1,1,routed,,1264.079633,20,9,4.641979,2.519820,2.122159,703.000000,561.079633,1.113820,16.439022,6,physical,0,42
padded_benes_8x8,default,3-1-2-4-0-5,2,2,routed,,1611.349541,25,13,6.727612,3.693913,3.033699,807.000000,804.349541,2.079913,6.655926,6,physical,0,42
padded_benes_8x8,default,3-1-2-4-0-5,3,4,routed,,1580.619449,30,9,6.774199,4.072960,2.701239,755.000000,825.619449,2.562960,6.092197,6,physical,0,42
padded_benes_8x8,default,3-1-2-4-0-5,4,0,failed,"capped rip-up hop exhausted bounded candidates before A*: same-net avoidance candidate segment is blocked; blocked_by=unknown/forbidden_point at=(160.000,40.000):(160.000,68.000)->(160.000,-16.000)",,,,,3.952960,,695.000000,,2.562960,6.539144,6,physical,0,42
padded_benes_8x8,default,3-1-2-4-0-5,5,5,routed,,1664.079633,20,9,5.441979,2.839820,2.602159,863.000000,801.079633,1.113820,18.098039,6,physical,0,42
padded_benes_8x8,default,3-0-2-4-5-1,0,3,routed,,1026.225651,19,10,5.227365,3.365913,1.861451,643.000000,383.225651,2.079913,8.007128,6,physical,1,42
padded_benes_8x8,default,3-0-2-4-5-1,1,0,routed,,1163.787596,22,9,4.934442,2.970867,1.963575,687.000000,476.787596,1.596867,11.373703,6,physical,1,42
padded_benes_8x8,default,3-0-2-4-5-1,2,2,routed,,1611.349541,25,13,6.727612,3.693913,3.033699,807.000000,804.349541,2.079913,6.655926,6,physical,1,42
padded_benes_8x8,default,3-0-2-4-5-1,3,4,routed,,1580.619449,30,9,6.774199,4.072960,2.701239,755.000000,825.619449,2.562960,6.300444,6,physical,1,42
padded_benes_8x8,default,3-0-2-4-5-1,4,5,routed,,1538.225651,19,9,5.668318,3.290867,2.377451,847.000000,691.225651,1.596867,9.300948,6,physical,1,42
padded_benes_8x8,default,3-0-2-4-5-1,5,1,failed,"capped rip-up hop exhausted bounded candidates before A*: same-net avoidance candidate segment is blocked; blocked_by=unknown/forbidden_point at=(160.000,40.000):(160.000,68.000)->(160.000,-16.000)",,,,,4.983054,,727.000000,,3.529054,2.597273,6,physical,1,42
padded_benes_8x8,default,3-1-2-0-4-5,0,3,routed,,988.517688,17,12,5.341949,3.365913,1.976035,643.000000,345.517688,2.079913,7.430130,6,physical,2,42
padded_benes_8x8,default,3-1-2-0-4-5,1,1,routed,,1232.663706,16,15,5.159147,2.519820,2.639327,703.000000,529.663706,1.113820,16.302483,6,physical,2,42
padded_benes_8x8,default,3-1-2-0-4-5,2,2,routed,,1864.765467,29,20,7.954444,3.693913,4.260531,807.000000,1057.765467,2.079913,6.655926,6,physical,2,42
padded_benes_8x8,default,3-1-2-0-4-5,3,0,routed,,1419.641578,23,17,6.734196,3.685913,3.048283,803.000000,616.641578,2.079913,6.359390,6,physical,2,42
padded_benes_8x8,default,3-1-2-0-4-5,4,4,routed,,1170.517688,17,16,5.139855,2.599820,2.540035,743.000000,427.517688,1.113820,17.979594,6,physical,2,42
padded_benes_8x8,default,3-1-2-0-4-5,5,5,routed,,1718.079633,20,16,6.249979,2.839820,3.410159,863.000000,855.079633,1.113820,17.840002,6,physical,2,42
waksman_6x6,default,3-1-2-4-0-5,0,3,routed,,1481.057504,27,17,6.654264,3.095149,3.559115,619.000000,862.057504,1.857149,7.530738,6,physical,0,42
waksman_6x6,default,3-1-2-4-0-5,1,1,routed,,1232.663706,16,15,5.159147,2.519820,2.639327,703.000000,529.663706,1.113820,16.137174,6,physical,0,42
waksman_6x6,default,3-1-2-4-0-5,2,2,routed,,1575.641578,23,21,7.223433,3.103149,4.120283,623.000000,952.641578,1.857149,7.166571,6,physical,0,42
waksman_6x6,default,3-1-2-4-0-5,3,4,routed,,1136.371669,18,11,5.580176,3.391432,2.188743,637.000000,499.371669,2.117432,4.988902,6,physical,0,42
waksman_6x6,default,3-1-2-4-0-5,4,0,routed,,903.539816,10,12,4.431182,2.660103,1.771080,643.000000,260.539816,1.374103,10.886557,6,physical,0,42
waksman_6x6,default,3-1-2-4-0-5,5,5,routed,,1155.539816,10,12,4.006608,1.727528,2.279080,641.000000,514.539816,0.445528,20.708013,6,physical,0,42
waksman_6x6,default,3-0-2-4-5-1,0,3,routed,,1351.933614,21,12,5.866017,3.095149,2.770867,619.000000,732.933614,1.857149,7.543548,6,physical,1,42
waksman_6x6,default,3-0-2-4-5-1,1,0,routed,,1132.371669,18,11,5.051610,2.970867,2.080743,687.000000,445.371669,1.596867,10.464199,6,physical,1,42
waksman_6x6,default,3-0-2-4-5-1,2,2,routed,,1421.641578,23,15,6.315433,3.103149,3.212283,623.000000,798.641578,1.857149,7.166571,6,physical,1,42
waksman_6x6,default,3-0-2-4-5-1,3,4,routed,,1136.079633,20,10,5.489591,3.391432,2.098159,637.000000,499.079633,2.117432,5.141088,6,physical,1,42
waksman_6x6,default,3-0-2-4-5-1,4,5,routed,,1155.393798,11,8,4.094362,2.178575,1.915788,625.000000,530.393798,0.928575,10.602701,6,physical,1,42
waksman_6x6,default,3-0-2-4-5-1,5,1,failed,"cannot route waksman_6x6_s0_w4_5.th to waksman_6x6_s2_w0_4.add on physical grid: A* pop limit exceeded; soft_repeat=I0/repeated_crossing pair=I0-I5 at=(152.000,72.000) source=I5->I0@(144.000,83.000):(144.000,83.000)->(152.000,83.000)x(144.000,140.000)->(144.000,72.000) counters=port_access:68,window:886,same_net:1098,crossing_candidate:58,crossing_budget:0,hard_reserved_crossing:0,soft_repeated_crossing:1046,soft_reserved_crossing:0,reserved_spacing:160,segment:3520,pops:20001,max_heap:673",,,,,3.690196,,675.000000,,2.340196,5.188018,6,physical,1,42
waksman_6x6,default,3-1-2-0-4-5,0,3,routed,,1109.787596,22,10,5.409489,3.365913,2.043575,643.000000,466.787596,2.079913,7.217420,6,physical,2,42
waksman_6x6,default,3-1-2-0-4-5,1,1,routed,,1232.663706,16,11,4.759147,2.519820,2.239327,703.000000,529.663706,1.113820,16.215092,6,physical,2,42
waksman_6x6,default,3-1-2-0-4-5,2,2,routed,,1755.057504,27,11,6.602264,3.103149,3.499115,623.000000,1132.057504,1.857149,7.256114,6,physical,2,42
waksman_6x6,default,3-1-2-0-4-5,3,0,failed,"capped rip-up hop exhausted bounded candidates before A*: same-net avoidance candidate segment is blocked; blocked_by=unknown/forbidden_point at=(115.000,144.000):(115.000,94.000)->(115.000,200.000)",,,,,3.095149,,619.000000,,1.857149,6.972152,6,physical,2,42
waksman_6x6,default,3-1-2-0-4-5,4,4,routed,,991.685835,9,10,3.473900,1.719528,1.754372,637.000000,354.685835,0.445528,20.640580,6,physical,2,42
waksman_6x6,default,3-1-2-0-4-5,5,5,routed,,1187.539816,10,10,3.870608,1.727528,2.143080,641.000000,546.539816,0.445528,20.708013,6,physical,2,42
spanke_benes_6x6,default,3-1-2-4-0-5,0,3,routed,,1396.517688,17,2,5.640995,4.560960,1.080035,999.000000,397.517688,2.562960,4.452105,6,physical,0,42
spanke_benes_6x6,default,3-1-2-4-0-5,1,1,failed,"capped rip-up hop exhausted bounded candidates before A*: same-net avoidance candidate segment is blocked; blocked_by=unknown/forbidden_point at=(265.000,166.000):(265.000,158.000)->(265.000,224.000); source=I1->I0@(48.000,166.000):(48.000,158.000)->(48.000,179.000)x(20.000,166.000)->(55.000,166.000)",,,,,4.667441,,1071.000000,,2.525441,5.963810,6,physical,0,42
spanke_benes_6x6,default,3-1-2-4-0-5,2,2,routed,,2043.203522,26,6,7.341848,4.843441,2.498407,1159.000000,884.203522,2.525441,5.905208,6,physical,0,42
spanke_benes_6x6,default,3-1-2-4-0-5,3,4,routed,,1704.663706,16,7,5.563430,3.524103,2.039327,1075.000000,629.663706,1.374103,9.188536,6,physical,0,42
spanke_benes_6x6,default,3-1-2-4-0-5,4,0,routed,,1785.495559,24,7,7.659762,5.498771,2.160991,1115.000000,670.495559,3.268771,2.825311,6,physical,0,42
spanke_benes_6x6,default,3-1-2-4-0-5,5,5,routed,,1264.123890,6,2,2.981012,2.204764,0.776248,991.000000,273.123890,0.222764,23.246787,6,physical,0,42
spanke_benes_6x6,default,3-0-2-4-5-1,0,3,routed,,1396.517688,17,2,5.640995,4.560960,1.080035,999.000000,397.517688,2.562960,4.530004,6,physical,1,42
spanke_benes_6x6,default,3-0-2-4-5-1,1,0,failed,"capped rip-up hop exhausted bounded candidates before A*: same-net avoidance candidate segment is blocked; blocked_by=unknown/forbidden_point at=(265.000,166.000):(265.000,158.000)->(265.000,224.000); source=I1->I0@(48.000,166.000):(48.000,158.000)->(48.000,179.000)x(20.000,166.000)->(55.000,166.000)",,,,,4.152394,,1055.000000,,2.042394,8.042596,6,physical,1,42
spanke_benes_6x6,default,3-0-2-4-5-1,2,2,routed,,2043.203522,26,6,7.341848,4.843441,2.498407,1159.000000,884.203522,2.525441,6.004190,6,physical,1,42
spanke_benes_6x6,default,3-0-2-4-5-1,3,4,routed,,1720.371669,18,7,5.604846,3.524103,2.080743,1075.000000,645.371669,1.374103,9.406832,6,physical,1,42
spanke_benes_6x6,default,3-0-2-4-5-1,4,5,routed,,1359.539816,10,3,3.997654,2.966575,1.031080,1019.000000,340.539816,0.928575,9.802975,6,physical,1,42
spanke_benes_6x6,default,3-0-2-4-5-1,5,1,routed,,1773.641578,23,4,7.108290,5.252007,1.856283,1103.000000,670.641578,3.046007,2.766087,6,physical,1,42
spanke_benes_6x6,default,3-1-2-0-4-5,0,3,failed,"cannot route spanke_benes_6x6_s0_w0_1.th to spanke_benes_6x6_s2_w0_1.in on physical grid: A* pop limit exceeded; soft_repeat=I1/repeated_crossing pair=I0-I1 at=(160.000,166.000) source=I0->I1@(48.000,166.000):(20.000,166.000)->(55.000,166.000)x(48.000,158.000)->(48.000,179.000) counters=port_access:153,window:968,same_net:818,crossing_candidate:81,crossing_budget:0,hard_reserved_crossing:0,soft_repeated_crossing:1507,soft_reserved_crossing:0,reserved_spacing:266,segment:3024,pops:20001,max_heap:895",,,,,4.560960,,999.000000,,2.562960,4.370897,6,physical,2,42
spanke_benes_6x6,default,3-1-2-0-4-5,1,1,routed,,1764.079633,20,7,6.853600,4.667441,2.186159,1071.000000,693.079633,2.525441,5.878684,6,physical,2,42
spanke_benes_6x6,default,3-1-2-0-4-5,2,2,routed,,2043.203522,26,11,7.841848,4.843441,2.998407,1159.000000,884.203522,2.525441,5.802525,6,physical,2,42
spanke_benes_6x6,default,3-1-2-0-4-5,3,0,routed,,2034.619449,30,10,8.227727,5.294488,2.933239,1143.000000,891.619449,3.008488,4.311219,6,physical,2,42
spanke_benes_6x6,default,3-1-2-0-4-5,4,4,routed,,1505.247780,12,6,4.338787,2.762292,1.576496,1047.000000,458.247780,0.668292,17.983491,6,physical,2,42
spanke_benes_6x6,default,3-1-2-0-4-5,5,5,routed,,1264.123890,6,2,2.981012,2.204764,0.776248,991.000000,273.123890,0.222764,23.246787,6,physical,2,42
padded_benes_8x8,default,1-3-4-2-6-0-5,0,1,routed,,861.101761,13,11,4.484070,2.794867,1.689204,599.000000,262.101761,1.596867,11.213968,7,physical,0,42
padded_benes_8x8,default,1-3-4-2-6-0-5,1,3,routed,,1364.079633,20,12,5.625026,2.978867,2.646159,691.000000,673.079633,1.596867,10.721428,7,physical,0,42
padded_benes_8x8,default,1-3-4-2-6-0-5,2,4,routed,,1792.473431,31,9,7.685954,4.588007,3.097947,771.000000,1021.473431,3.046007,4.270441,7,physical,0,42
padded_benes_8x8,default,1-3-4-2-6-0-5,3,2,routed,,1547.787596,22,14,6.202442,3.290867,2.911575,847.000000,700.787596,1.596867,8.861825,7,physical,0,42
padded_benes_8x8,default,1-3-4-2-6-0-5,4,6,routed,,1361.641578,23,9,5.335150,3.170867,2.164283,787.000000,574.641578,1.596867,9.658569,7,physical,0,42
padded_benes_8x8,default,1-3-4-2-6-0-5,5,0,routed,,1546.619449,30,7,6.989246,4.644007,2.345239,799.000000,747.619449,3.046007,4.298539,7,physical,0,42
padded_benes_8x8,default,1-3-4-2-6-0-5,6,5,failed,capped rip-up hop exhausted bounded candidates before A*: same-net avoidance candidate outside route window,,,,,3.493913,,707.000000,,2.079913,7.606787,7,physical,0,42
padded_benes_8x8,default,3-6-2-4-0-5-1,0,3,routed,,988.517688,17,5,4.641949,3.365913,1.276035,643.000000,345.517688,2.079913,7.797064,7,physical,1,42
padded_benes_8x8,default,3-6-2-4-0-5-1,1,6,routed,,1488.911486,28,8,6.480783,4.072960,2.407823,755.000000,733.911486,2.562960,6.862006,7,physical,1,42
padded_benes_8x8,default,3-6-2-4-0-5-1,2,2,failed,"capped rip-up hop exhausted bounded candidates before A*: same-net avoidance candidate segment is blocked; blocked_by=unknown/forbidden_point at=(370.000,184.000):(370.000,176.000)->(370.000,272.000); source=I2->I1@(240.000,176.000):(240.000,197.000)->(240.000,76.000)x(240.000,176.000)->(232.000,176.000)",,,,,3.693913,,807.000000,,2.079913,6.576966,7,physical,1,42
padded_benes_8x8,default,3-6-2-4-0-5-1,3,4,routed,,1520.327412,32,10,6.763615,4.072960,2.690655,755.000000,765.327412,2.562960,6.114239,7,physical,1,42
padded_benes_8x8,default,3-6-2-4-0-5-1,4,0,failed,"capped rip-up hop exhausted bounded candidates before A*: same-net avoidance candidate segment is blocked; blocked_by=unknown/forbidden_point at=(160.000,11.000):(160.000,68.000)->(160.000,-7.000)",,,,,3.952960,,695.000000,,2.562960,6.572996,7,physical,1,42
padded_benes_8x8,default,3-6-2-4-0-5-1,5,5,routed,,1803.203522,26,11,6.916320,3.613913,3.302407,767.000000,1036.203522,2.079913,6.939829,7,physical,1,42
padded_benes_8x8,default,3-6-2-4-0-5-1,6,1,routed,,1431.349541,25,6,6.150659,4.072960,2.077699,755.000000,676.349541,2.562960,6.046955,7,physical,1,42
padded_benes_8x8,default,3-2-4-1-5-6-0,0,3,routed,,1078.225651,19,17,6.031365,3.365913,2.665451,643.000000,435.225651,2.079913,7.430130,7,physical,2,42
padded_benes_8x8,default,3-2-4-1-5-6-0,1,2,routed,,1238.079633,20,13,5.956073,3.429913,2.526159,675.000000,563.079633,2.079913,7.560155,7,physical,2,42
padded_benes_8x8,default,3-2-4-1-5-6-0,2,4,routed,,1661.057504,27,12,7.703122,4.588007,3.115115,771.000000,890.057504,3.046007,2.929340,7,physical,2,42
padded_benes_8x8,default,3-2-4-1-5-6-0,3,1,routed,,1427.495559,24,14,6.937951,4.200960,2.736991,819.000000,608.495559,2.562960,4.806043,7,physical,2,42
padded_benes_8x8,default,3-2-4-1-5-6-0,4,5,routed,,1238.225651,19,15,5.668318,3.114867,2.553451,759.000000,479.225651,1.596867,11.385489,7,physical,2,42
padded_benes_8x8,default,3-2-4-1-5-6-0,5,6,routed,,1721.203522,26,17,7.352320,3.749913,3.602407,835.000000,886.203522,2.079913,9.917801,7,physical,2,42
padded_benes_8x8,default,3-2-4-1-5-6-0,6,0,routed,,1449.349541,25,8,6.869706,4.588007,2.281699,771.000000,678.349541,3.046007,4.649356,7,physical,2,42
waksman_7x7,default,1-3-4-2-6-0-5,0,1,routed,,861.101761,13,11,4.484070,2.794867,1.689204,599.000000,262.101761,1.596867,10.324708,7,physical,0,42
waksman_7x7,default,1-3-4-2-6-0-5,1,3,routed,,1647.787596,22,11,5.879678,2.708103,3.171575,667.000000,980.787596,1.374103,10.249636,7,physical,0,42
waksman_7x7,default,1-3-4-2-6-0-5,2,4,routed,,1261.641578,23,11,6.561526,4.149243,2.412283,663.000000,598.641578,2.823243,3.158547,7,physical,0,42
waksman_7x7,default,1-3-4-2-6-0-5,3,2,routed,,1547.787596,22,15,6.302442,3.290867,3.011575,847.000000,700.787596,1.596867,8.845453,7,physical,0,42
waksman_7x7,default,1-3-4-2-6-0-5,4,6,routed,,1274.517688,17,9,4.685374,2.369339,2.316035,609.000000,665.517688,1.151339,10.185971,7,physical,0,42
waksman_7x7,default,1-3-4-2-6-0-5,5,0,failed,"cannot route waksman_7x7_s2_w1_5.th to waksman_7x7_s3_w1_3.in on physical grid: blocked by port access (port_access_overlap_foreign); candidate=(376.000,140.000)->(370.000,140.000) region=I1/waksman_7x7_s3_w1_3.drop:(384.000,140.000)->(370.000,140.000); soft_repeat=I0/repeated_crossing pair=I0-I5 at=(464.000,202.000) source=I5->I0@(456.000,202.000):(456.000,194.000)->(456.000,215.000)x(430.000,202.000)->(475.000,202.000) counters=port_access:20,window:506,same_net:243,crossing_candidate:90,crossing_budget:0,hard_reserved_crossing:0,soft_repeated_crossing:734,soft_reserved_crossing:0,reserved_spacing:66,segment:1690,pops:6470,max_heap:143",,,,,3.239149,,691.000000,,1.857149,7.566261,7,physical,0,42
waksman_7x7,default,1-3-4-2-6-0-5,6,5,routed,,1262.371669,18,7,4.949129,3.140385,1.808743,753.000000,509.371669,1.634385,7.752637,7,physical,0,42
waksman_7x7,default,3-6-2-4-0-5-1,0,3,routed,,1717.057504,27,16,7.026264,3.159149,3.867115,651.000000,1066.057504,1.857149,6.749587,7,physical,1,42
waksman_7x7,default,3-6-2-4-0-5-1,1,6,routed,,1100.955743,14,6,4.989344,3.463432,1.525911,673.000000,427.955743,2.117432,4.907938,7,physical,1,42
waksman_7x7,default,3-6-2-4-0-5-1,2,2,routed,,1032.225651,19,13,5.539365,3.421913,2.117451,671.000000,361.225651,2.079913,6.999303,7,physical,1,42
waksman_7x7,default,3-6-2-4-0-5-1,3,4,routed,,1311.495559,24,8,5.883187,3.698196,2.184991,679.000000,632.495559,2.340196,5.268685,7,physical,1,42
waksman_7x7,default,3-6-2-4-0-5-1,4,0,failed,"cannot route waksman_7x7_s2_w1_5.th to waksman_7x7_s3_w1_3.in on physical grid: blocked by port access (port_access_overlap_foreign); candidate=(275.000,140.000)->(265.000,140.000) region=I5/waksman_7x7_s2_w0_4.drop:(279.000,140.000)->(265.000,140.000); soft_repeat=I0/repeated_crossing pair=I0-I4 at=(464.000,140.000) source=I4->I0@(456.000,140.000):(456.000,140.000)->(464.000,140.000)x(456.000,215.000)->(456.000,101.000) counters=port_access:14,window:841,same_net:1489,crossing_candidate:110,crossing_budget:0,hard_reserved_crossing:0,soft_repeated_crossing:994,soft_reserved_crossing:0,reserved_spacing:138,segment:1960,pops:11916,max_heap:190",,,,,3.690196,,675.000000,,2.340196,5.249213,7,physical,1,42
waksman_7x7,default,3-6-2-4-0-5-1,5,5,routed,,1262.371669,18,12,5.671893,3.367149,2.304743,755.000000,507.371669,1.857149,7.073990,7,physical,1,42
waksman_7x7,default,3-6-2-4-0-5-1,6,1,routed,,1314.079633,20,7,5.768355,3.790196,1.978159,725.000000,589.079633,2.340196,5.723444,7,physical,1,42
waksman_7x7,default,3-2-4-1-5-6-0,0,3,routed,,1433.933614,21,15,6.552781,3.685913,2.866867,803.000000,630.933614,2.079913,6.663320,7,physical,2,42
waksman_7x7,default,3-2-4-1-5-6-0,1,2,routed,,1230.079633,20,13,5.940073,3.429913,2.510159,675.000000,555.079633,2.079913,6.995765,7,physical,2,42
waksman_7x7,default,3-2-4-1-5-6-0,2,4,failed,capped rip-up hop exhausted bounded candidates before A*: deterministic hop candidate has multiple crossings on one segment,,,,,3.231149,,687.000000,,1.857149,6.949646,7,physical,2,42
waksman_7x7,default,3-2-4-1-5-6-0,3,1,routed,,1517.495559,24,15,6.029094,2.708103,3.320991,667.000000,850.495559,1.374103,10.192597,7,physical,2,42
waksman_7x7,default,3-2-4-1-5-6-0,4,5,routed,,1438.225651,19,11,5.222790,2.541339,2.681451,695.000000,743.225651,1.151339,10.041897,7,physical,2,42
waksman_7x7,default,3-2-4-1-5-6-0,5,6,routed,,1350.663706,16,13,5.715713,2.884385,2.831327,625.000000,725.663706,1.634385,7.007423,7,physical,2,42
waksman_7x7,default,3-2-4-1-5-6-0,6,0,routed,,1062.809725,15,13,5.357769,3.211149,2.146619,677.000000,385.809725,1.857149,7.350061,7,physical,2,42
spanke_benes_7x7,default,1-3-4-2-6-0-5,0,1,routed,,1603.393798,11,13,6.604182,4.396394,2.207788,1177.000000,426.393798,2.042394,9.719407,7,physical,0,42
spanke_benes_7x7,default,1-3-4-2-6-0-5,1,3,routed,,2615.743339,36,16,9.982456,5.820969,4.161487,1425.000000,1190.743339,2.970969,4.393549,7,physical,0,42
spanke_benes_7x7,default,1-3-4-2-6-0-5,2,4,routed,,2325.057504,27,12,8.510556,5.263441,3.247115,1369.000000,956.057504,2.525441,4.534460,7,physical,0,42
spanke_benes_7x7,default,1-3-4-2-6-0-5,3,2,routed,,2412.619449,30,13,9.506491,6.025252,3.481239,1397.000000,1015.619449,3.231252,2.765657,7,physical,0,42
spanke_benes_7x7,default,1-3-4-2-6-0-5,4,6,routed,,1748.809725,15,4,5.607005,4.148385,1.458619,1257.000000,491.809725,1.634385,5.747661,7,physical,0,42
spanke_benes_7x7,default,1-3-4-2-6-0-5,5,0,routed,,1892.765467,29,7,8.382349,6.313818,2.068531,1281.000000,611.765467,3.751818,0.887341,7,physical,0,42
spanke_benes_7x7,default,1-3-4-2-6-0-5,6,5,routed,,1559.539816,10,3,4.397654,3.386575,1.011080,1229.000000,330.539816,0.928575,10.356869,7,physical,0,42
spanke_benes_7x7,default,3-6-2-4-0-5-1,0,3,routed,,2185.057504,27,13,9.036367,5.905252,3.131115,1337.000000,848.057504,3.231252,3.275691,7,physical,1,42
spanke_benes_7x7,default,3-6-2-4-0-5-1,1,6,routed,,2073.203522,26,7,8.728225,6.433818,2.294407,1341.000000,732.203522,3.751818,-0.465023,7,physical,1,42
spanke_benes_7x7,default,3-6-2-4-0-5-1,2,2,routed,,1945.787596,22,10,8.493110,6.053535,2.439575,1281.000000,664.787596,3.491535,1.975331,7,physical,1,42
spanke_benes_7x7,default,3-6-2-4-0-5-1,3,4,routed,,2129.495559,24,9,8.064715,5.467724,2.596991,1341.000000,788.495559,2.785724,3.534404,7,physical,1,42
spanke_benes_7x7,default,3-6-2-4-0-5-1,4,0,routed,,1757.495559,24,8,7.703762,5.742771,1.960991,1237.000000,520.495559,3.268771,2.541579,7,physical,1,42
spanke_benes_7x7,default,3-6-2-4-0-5-1,5,5,routed,,1714.955743,14,4,5.534297,4.148385,1.385911,1257.000000,457.955743,1.634385,7.175169,7,physical,1,42
spanke_benes_7x7,default,3-6-2-4-0-5-1,6,1,routed,,2115.057504,27,7,8.816933,6.433818,2.383115,1341.000000,774.057504,3.751818,1.750310,7,physical,1,42
spanke_benes_7x7,default,3-2-4-1-5-6-0,0,3,routed,,2543.597320,37,15,10.226211,6.272016,3.954195,1409.000000,1134.597320,3.454016,2.359127,7,physical,2,42
spanke_benes_7x7,default,3-2-4-1-5-6-0,1,2,routed,,2093.495559,24,13,8.838243,5.849252,2.988991,1309.000000,784.495559,3.231252,3.295132,7,physical,2,42
spanke_benes_7x7,default,3-2-4-1-5-6-0,2,4,routed,,2285.203522,26,12,8.425848,5.263441,3.162407,1369.000000,916.203522,2.525441,4.819687,7,physical,2,42
spanke_benes_7x7,default,3-2-4-1-5-6-0,3,1,routed,,1755.787596,22,8,7.690346,5.686771,2.003575,1209.000000,546.787596,3.268771,2.490848,7,physical,2,42
spanke_benes_7x7,default,3-2-4-1-5-6-0,4,5,routed,,1918.371669,18,7,6.000846,3.944103,2.056743,1285.000000,633.371669,1.374103,9.056757,7,physical,2,42
spanke_benes_7x7,default,3-2-4-1-5-6-0,5,6,routed,,1571.539816,10,3,4.421654,3.386575,1.035080,1229.000000,342.539816,0.928575,9.382975,7,physical,2,42
spanke_benes_7x7,default,3-2-4-1-5-6-0,6,0,routed,,1987.057504,27,6,8.943979,6.884864,2.059115,1325.000000,662.057504,4.234864,-0.012451,7,physical,2,42
padded_benes_8x8,default,3-4-6-7-2-5-0-1,0,3,routed,,988.517688,17,9,5.041949,3.365913,1.676035,643.000000,345.517688,2.079913,7.825969,8,physical,0,42
padded_benes_8x8,default,3-4-6-7-2-5-0-1,1,4,routed,,1314.079633,20,13,6.108073,3.613913,2.494159,767.000000,547.079633,2.079913,7.052995,8,physical,0,42
padded_benes_8x8,default,3-4-6-7-2-5-0-1,2,6,routed,,1575.641578,23,16,6.463150,3.162867,3.300283,783.000000,792.641578,1.596867,9.334929,8,physical,0,42
padded_benes_8x8,default,3-4-6-7-2-5-0-1,3,7,failed,capped rip-up hop exhausted bounded candidates before A*: same-net avoidance candidate outside route window,,,,,3.178867,,791.000000,,1.596867,9.349916,8,physical,0,42
padded_benes_8x8,default,3-4-6-7-2-5-0-1,4,2,routed,,1323.349541,25,19,7.717706,4.524007,3.193699,739.000000,584.349541,3.046007,3.081254,8,physical,0,42
padded_benes_8x8,default,3-4-6-7-2-5-0-1,5,5,routed,,1329.787596,22,16,6.449489,3.629913,2.819575,775.000000,554.787596,2.079913,6.597548,8,physical,0,42
padded_benes_8x8,default,3-4-6-7-2-5-0-1,6,0,routed,,1439.057504,27,21,7.193028,3.557913,3.635115,739.000000,700.057504,2.079913,6.605827,8,physical,0,42
padded_benes_8x8,default,3-4-6-7-2-5-0-1,7,1,routed,,1932.327412,32,24,8.504568,3.685913,4.818655,803.000000,1129.327412,2.079913,6.891529,8,physical,0,42
padded_benes_8x8,default,3-7-2-0-4-6-5-1,0,3,routed,,1077.933614,21,8,5.140781,3.365913,1.774867,643.000000,434.933614,2.079913,7.445023,8,physical,1,42
padded_benes_8x8,default,3-7-2-0-4-6-5-1,1,7,routed,,1662.619449,30,14,6.955152,3.621913,3.333239,771.000000,891.619449,2.079913,7.192546,8,physical,1,42
padded_benes_8x8,default,3-7-2-0-4-6-5-1,2,2,routed,,1611.349541,25,14,6.827612,3.693913,3.133699,807.000000,804.349541,2.079913,6.569495,8,physical,1,42
padded_benes_8x8,default,3-7-2-0-4-6-5-1,3,0,failed,"cannot route padded_benes_8x8_s3_w0_2.th to padded_benes_8x8_s4_w0_1.in on physical grid counters=port_access:0,window:0,same_net:21,crossing_candidate:0,crossing_budget:0,hard_reserved_crossing:0,soft_repeated_crossing:0,soft_reserved_crossing:0,reserved_spacing:0,segment:5,pops:15,max_heap:3",,,,,3.685913,,803.000000,,2.079913,6.263036,8,physical,1,42
padded_benes_8x8,default,3-7-2-0-4-6-5-1,4,4,routed,,1551.349541,25,15,7.773706,4.516007,3.257699,735.000000,816.349541,3.046007,3.055668,8,physical,1,42
padded_benes_8x8,default,3-7-2-0-4-6-5-1,5,6,failed,"cannot route padded_benes_8x8_s2_w0_4.drop to padded_benes_8x8_s3_w4_6.in on physical grid; soft_repeat=I4/repeated_crossing pair=I4-I5 at=(275.000,125.000) source=I5->I4@(55.000,72.000):(20.000,72.000)->(115.000,72.000)x(55.000,86.000)->(55.000,40.000) counters=port_access:0,window:0,same_net:33,crossing_candidate:0,crossing_budget:0,hard_reserved_crossing:0,soft_repeated_crossing:2,soft_reserved_crossing:0,reserved_spacing:1,segment:39,pops:43,max_heap:8",,,,,3.685913,,803.000000,,2.079913,6.267330,8,physical,1,42
padded_benes_8x8,default,3-7-2-0-4-6-5-1,6,5,routed,,1728.473431,31,15,7.191860,3.493913,3.697947,707.000000,1021.473431,2.079913,7.697969,8,physical,1,42
padded_benes_8x8,default,3-7-2-0-4-6-5-1,7,1,routed,,1589.495559,24,14,6.778904,3.621913,3.156991,771.000000,818.495559,2.079913,6.574301,8,physical,1,42
padded_benes_8x8,default,3-5-2-4-1-6-7-0,0,3,routed,,1113.933614,21,6,5.012781,3.365913,1.646867,643.000000,470.933614,2.079913,7.661683,8,physical,2,42
padded_benes_8x8,default,3-5-2-4-1-6-7-0,1,5,failed,"cannot route padded_benes_8x8_s0_w0_1.drop to padded_benes_8x8_s1_w1_3.in on physical grid: blocked by port access (port_access_overlap_foreign); candidate=(113.000,238.000)->(105.000,238.000) region=I0/padded_benes_8x8_s0_w0_1.th:(101.000,238.000)->(115.000,238.000); soft_repeat=I0/repeated_crossing pair=I0-I1 at=(120.000,238.000) source=I1->I0@(48.000,238.000):(48.000,238.000)->(48.000,251.000)x(20.000,238.000)->(55.000,238.000) counters=port_access:75,window:1113,same_net:816,crossing_candidate:89,crossing_budget:0,hard_reserved_crossing:0,soft_repeated_crossing:521,soft_reserved_crossing:0,reserved_spacing:214,segment:1945,pops:13216,max_heap:226",,,,,3.162867,,783.000000,,1.596867,9.780495,8,physical,2,42
padded_benes_8x8,default,3-5-2-4-1-6-7-0,2,2,routed,,1611.349541,25,13,6.727612,3.693913,3.033699,807.000000,804.349541,2.079913,6.557744,8,physical,2,42
padded_benes_8x8,default,3-5-2-4-1-6-7-0,3,4,routed,,1662.035376,34,11,7.157031,4.072960,3.084071,755.000000,907.035376,2.562960,4.640865,8,physical,2,42
padded_benes_8x8,default,3-5-2-4-1-6-7-0,4,1,failed,"cannot route padded_benes_8x8_s3_w0_2.th to padded_benes_8x8_s4_w0_1.in on physical grid counters=port_access:0,window:0,same_net:21,crossing_candidate:0,crossing_budget:0,hard_reserved_crossing:0,soft_repeated_crossing:0,soft_reserved_crossing:0,reserved_spacing:0,segment:5,pops:15,max_heap:3",,,,,4.468007,,711.000000,,3.046007,3.303618,8,physical,2,42
padded_benes_8x8,default,3-5-2-4-1-6-7-0,5,6,routed,,1820.911486,28,8,6.661736,3.557913,3.103823,739.000000,1081.911486,2.079913,7.000880,8,physical,2,42
padded_benes_8x8,default,3-5-2-4-1-6-7-0,6,7,failed,"cannot route padded_benes_8x8_s2_w0_4.drop to padded_benes_8x8_s3_w4_6.in on physical grid counters=port_access:0,window:0,same_net:6,crossing_candidate:0,crossing_budget:0,hard_reserved_crossing:0,soft_repeated_crossing:0,soft_reserved_crossing:0,reserved_spacing:0,segment:2,pops:3,max_heap:1",,,,,4.256960,,847.000000,,2.562960,4.782123,8,physical,2,42
padded_benes_8x8,default,3-5-2-4-1-6-7-0,7,0,routed,,1459.203522,26,8,6.411367,4.072960,2.338407,755.000000,704.203522,2.562960,4.861823,8,physical,2,42
waksman_8x8,default,3-4-6-7-2-5-0-1,0,3,routed,,988.517688,17,11,5.241949,3.365913,1.876035,643.000000,345.517688,2.079913,7.825969,8,physical,0,42
waksman_8x8,default,3-4-6-7-2-5-0-1,1,4,routed,,1288.079633,20,15,6.033309,3.239149,2.794159,691.000000,597.079633,1.857149,7.457411,8,physical,0,42
waksman_8x8,default,3-4-6-7-2-5-0-1,2,6,routed,,1185.101761,13,14,4.986542,2.553339,2.433204,701.000000,484.101761,1.151339,10.339143,8,physical,0,42
waksman_8x8,default,3-4-6-7-2-5-0-1,3,7,routed,,1504.079633,20,14,5.659498,2.561339,3.098159,705.000000,799.079633,1.151339,10.339605,8,physical,0,42
waksman_8x8,default,3-4-6-7-2-5-0-1,4,2,routed,,1307.641578,23,20,7.776290,4.524007,3.252283,739.000000,568.641578,3.046007,3.081254,8,physical,0,42
waksman_8x8,default,3-4-6-7-2-5-0-1,5,5,routed,,1278.079633,20,16,6.113309,3.367149,2.746159,755.000000,523.079633,1.857149,6.877901,8,physical,0,42
waksman_8x8,default,3-4-6-7-2-5-0-1,6,0,routed,,1423.349541,25,22,7.251612,3.557913,3.693699,739.000000,684.349541,2.079913,6.610340,8,physical,0,42
waksman_8x8,default,3-4-6-7-2-5-0-1,7,1,routed,,1835.203522,26,24,8.280320,3.685913,4.594407,803.000000,1032.203522,2.079913,6.901462,8,physical,0,42
waksman_8x8,default,3-7-2-0-4-6-5-1,0,3,routed,,1189.641578,23,8,5.374196,3.365913,2.008283,643.000000,546.641578,2.079913,7.843146,8,physical,1,42
waksman_8x8,default,3-7-2-0-4-6-5-1,1,7,routed,,1220.663706,16,5,4.655713,3.068385,1.587327,717.000000,503.663706,1.634385,7.335239,8,physical,1,42
waksman_8x8,default,3-7-2-0-4-6-5-1,2,2,routed,,1243.641578,23,9,6.548290,4.340007,2.208283,647.000000,596.641578,3.046007,3.221748,8,physical,1,42
waksman_8x8,default,3-7-2-0-4-6-5-1,3,0,routed,,1405.787596,22,8,5.801489,3.685913,2.115575,803.000000,602.787596,2.079913,6.286276,8,physical,1,42
waksman_8x8,default,3-7-2-0-4-6-5-1,4,4,routed,,1465.641578,23,10,5.903433,3.367149,2.536283,755.000000,710.641578,1.857149,6.902785,8,physical,1,42
waksman_8x8,default,3-7-2-0-4-6-5-1,5,6,failed,capped rip-up hop exhausted bounded candidates before A*: same-net avoidance candidate outside route window,,,,,2.884385,,625.000000,,1.634385,7.110298,8,physical,1,42
waksman_8x8,default,3-7-2-0-4-6-5-1,6,5,routed,,1337.933614,21,10,5.638017,3.423149,2.214867,783.000000,554.933614,1.857149,7.168512,8,physical,1,42
waksman_8x8,default,3-7-2-0-4-6-5-1,7,1,failed,"capped rip-up hop exhausted bounded candidates before A*: same-net avoidance candidate outside route window; source=I7->I0@(456.000,166.000):(456.000,155.000)->(456.000,176.000)x(424.000,166.000)->(475.000,166.000)",,,,,3.685913,,803.000000,,2.079913,7.144290,8,physical,1,42
waksman_8x8,default,3-5-2-4-1-6-7-0,0,3,routed,,1425.349541,25,14,6.455612,3.685913,2.769699,803.000000,622.349541,2.079913,6.931476,8,physical,2,42
waksman_8x8,default,3-5-2-4-1-6-7-0,1,5,routed,,1489.787596,22,13,5.763678,2.788103,2.975575,707.000000,782.787596,1.374103,10.366372,8,physical,2,42
waksman_8x8,default,3-5-2-4-1-6-7-0,2,2,routed,,1595.641578,23,13,6.686196,3.693913,2.992283,807.000000,788.641578,2.079913,6.562349,8,physical,2,42
waksman_8x8,default,3-5-2-4-1-6-7-0,3,4,failed,"capped rip-up hop exhausted bounded candidates before A*: deterministic hop candidate segment is blocked; blocked_by=I1/external/spacing:(160.000,205.000)->(160.000,184.000)",,,,,3.746196,,703.000000,,2.340196,4.901638,8,physical,2,42
waksman_8x8,default,3-5-2-4-1-6-7-0,4,1,failed,"capped rip-up hop exhausted bounded candidates before A*: deterministic hop candidate segment is blocked; blocked_by=unknown/forbidden_point at=(220.000,68.000):(220.000,40.000)->(220.000,112.000)",,,,,3.613913,,767.000000,,2.079913,6.277720,8,physical,2,42
waksman_8x8,default,3-5-2-4-1-6-7-0,5,6,routed,,1595.495559,24,9,5.845377,2.884385,2.960991,625.000000,970.495559,1.634385,7.332782,8,physical,2,42
waksman_8x8,default,3-5-2-4-1-6-7-0,6,7,routed,,1348.517688,17,7,4.633374,2.433339,2.200035,641.000000,707.517688,1.151339,10.165206,8,physical,2,42
waksman_8x8,default,3-5-2-4-1-6-7-0,7,0,failed,capped rip-up hop exhausted bounded candidates before A*: deterministic hop candidate crosses port access,,,,,4.008960,,723.000000,,2.562960,4.740050,8,physical,2,42
spanke_benes_8x8,default,3-4-6-7-2-5-0-1,0,3,routed,,2064.225651,19,13,8.754703,6.149252,2.605451,1459.000000,605.225651,3.231252,4.096504,8,physical,0,42
spanke_benes_8x8,default,3-4-6-7-2-5-0-1,1,4,routed,,2875.743339,36,17,11.308267,7.002780,4.305487,1663.000000,1212.743339,3.676780,2.346792,8,physical,0,42
spanke_benes_8x8,default,3-4-6-7-2-5-0-1,2,6,routed,,2474.327412,32,10,9.600190,6.649535,2.950655,1579.000000,895.327412,3.491535,0.835978,8,physical,0,42
spanke_benes_8x8,default,3-4-6-7-2-5-0-1,3,7,routed,,2189.787596,22,6,8.135582,6.092007,2.043575,1523.000000,666.787596,3.046007,0.836243,8,physical,0,42
spanke_benes_8x8,default,3-4-6-7-2-5-0-1,4,2,routed,,2162.911486,28,8,9.723451,7.439628,2.283823,1491.000000,671.911486,4.457628,-0.831639,8,physical,0,42
spanke_benes_8x8,default,3-4-6-7-2-5-0-1,5,5,routed,,2181.787596,22,6,8.119582,6.092007,2.027575,1523.000000,658.787596,3.046007,2.117172,8,physical,0,42
spanke_benes_8x8,default,3-4-6-7-2-5-0-1,6,0,routed,,2253.743339,36,8,9.945115,7.495628,2.449487,1519.000000,734.743339,4.457628,-0.239561,8,physical,0,42
spanke_benes_8x8,default,3-4-6-7-2-5-0-1,7,1,routed,,2456.473431,31,8,10.325575,7.615628,2.709947,1579.000000,877.473431,4.457628,0.341642,8,physical,0,42
spanke_benes_8x8,default,3-7-2-0-4-6-5-1,0,3,routed,,2632.181394,33,10,10.106143,6.882780,3.223363,1603.000000,1029.181394,3.676780,2.112328,8,physical,1,42
spanke_benes_8x8,default,3-7-2-0-4-6-5-1,1,7,routed,,2410.619449,30,7,10.128867,7.615628,2.513239,1579.000000,831.619449,4.457628,-2.430055,8,physical,1,42
spanke_benes_8x8,default,3-7-2-0-4-6-5-1,2,2,failed,"capped rip-up hop exhausted bounded candidates before A*: same-net avoidance candidate segment is blocked; blocked_by=unknown/forbidden_point at=(685.000,238.000):(685.000,230.000)->(685.000,272.000); source=I2->I3@(475.000,206.000):(475.000,230.000)->(475.000,202.000)x(430.000,206.000)->(535.000,206.000)",,,,,7.397827,,1619.000000,,4.159827,0.456899,8,physical,1,42
spanke_benes_8x8,default,3-7-2-0-4-6-5-1,3,0,routed,,1800.809725,15,4,7.085107,5.782488,1.302619,1387.000000,413.809725,3.008488,3.326876,8,physical,1,42
spanke_benes_8x8,default,3-7-2-0-4-6-5-1,4,4,routed,,2553.203522,26,12,8.961848,5.683441,3.278407,1579.000000,974.203522,2.525441,5.546467,8,physical,1,42
spanke_benes_8x8,default,3-7-2-0-4-6-5-1,5,6,routed,,2022.371669,18,5,6.974940,5.330196,1.644743,1495.000000,527.371669,2.340196,4.003063,8,physical,1,42
spanke_benes_8x8,default,3-7-2-0-4-6-5-1,6,5,routed,,2042.079633,20,5,7.024355,5.330196,1.694159,1495.000000,547.079633,2.340196,4.521172,8,physical,1,42
spanke_benes_8x8,default,3-7-2-0-4-6-5-1,7,1,routed,,2440.473431,31,7,10.193575,7.615628,2.577947,1579.000000,861.473431,4.457628,0.029639,8,physical,1,42
spanke_benes_8x8,default,3-5-2-4-1-6-7-0,0,3,routed,,2689.889357,35,16,10.831559,6.882780,3.948779,1603.000000,1086.889357,3.676780,2.343749,8,physical,2,42
spanke_benes_8x8,default,3-5-2-4-1-6-7-0,1,5,routed,,2706.035376,34,13,10.819133,7.207063,3.612071,1635.000000,1071.035376,3.937063,-0.190134,8,physical,2,42
spanke_benes_8x8,default,3-5-2-4-1-6-7-0,2,2,routed,,2438.911486,28,9,9.854886,7.031063,2.823823,1547.000000,891.911486,3.937063,1.020870,8,physical,2,42
spanke_benes_8x8,default,3-5-2-4-1-6-7-0,3,4,routed,,2648.619449,30,12,9.878491,6.445252,3.433239,1607.000000,1041.619449,3.231252,2.666209,8,physical,2,42
spanke_benes_8x8,default,3-5-2-4-1-6-7-0,4,1,failed,"cannot route spanke_benes_8x8_s8_w0_1.th to spanke_benes_8x8_s10_w0_1.in on physical grid: A* pop limit exceeded; soft_repeat=I0/repeated_crossing pair=I0-I4 at=(992.000,209.000) source=I4->I0@(580.000,170.000):(535.000,170.000)->(640.000,170.000)x(580.000,194.000)->(580.000,166.000) counters=port_access:184,window:1005,same_net:536,crossing_candidate:50,crossing_budget:0,hard_reserved_crossing:0,soft_repeated_crossing:1624,soft_reserved_crossing:0,reserved_spacing:350,segment:2341,pops:20001,max_heap:1308",,,,,6.868582,,1447.000000,,3.974582,0.892002,8,physical,2,42
spanke_benes_8x8,default,3-5-2-4-1-6-7-0,5,6,routed,,2132.371669,18,7,6.428846,4.364103,2.064743,1495.000000,637.371669,1.374103,8.749042,8,physical,2,42
spanke_benes_8x8,default,3-5-2-4-1-6-7-0,6,7,routed,,1767.539816,10,3,4.813654,3.806575,1.007080,1439.000000,328.539816,0.928575,8.962975,8,physical,2,42
spanke_benes_8x8,default,3-5-2-4-1-6-7-0,7,0,routed,,2324.473431,31,6,10.344622,8.066675,2.277947,1563.000000,761.473431,4.940675,-1.383466,8,physical,2,42
padded_benes_16x16,default,3-6-7-4-8-2-5-0-1,0,3,routed,,1373.933614,21,11,6.478308,4.455441,2.022867,965.000000,408.933614,2.525441,7.423575,9,physical,0,42
padded_benes_16x16,default,3-6-7-4-8-2-5-0-1,1,6,routed,,2051.451302,38,28,10.101391,5.162488,4.938903,1077.000000,974.451302,3.008488,4.137687,9,physical,0,42
padded_benes_16x16,default,3-6-7-4-8-2-5-0-1,2,7,routed,,2249.305284,39,25,9.719052,4.767441,4.951611,1121.000000,1128.305284,2.525441,6.785025,9,physical,0,42
padded_benes_16x16,default,3-6-7-4-8-2-5-0-1,3,4,routed,,2082.035376,34,17,9.042559,5.226488,3.816071,1109.000000,973.035376,3.008488,4.066300,9,physical,0,42
padded_benes_16x16,default,3-6-7-4-8-2-5-0-1,4,8,failed,"cannot route padded_benes_16x16_s1_w4_6.drop to padded_benes_16x16_s2_w2_6.add on physical grid: A* pop limit exceeded; soft_repeat=I0/repeated_crossing pair=I0-I4 at=(240.000,508.000) source=I4->I0@(232.000,508.000):(232.000,504.000)->(232.000,512.000)x(220.000,508.000)->(265.000,508.000) counters=port_access:189,window:1030,same_net:2224,crossing_candidate:228,crossing_budget:0,hard_reserved_crossing:0,soft_repeated_crossing:1007,soft_reserved_crossing:0,reserved_spacing:318,segment:4844,pops:20001,max_heap:501",,,,,5.893535,,1201.000000,,3.491535,4.665280,9,physical,0,42
padded_benes_16x16,default,3-6-7-4-8-2-5-0-1,5,2,routed,,2584.575192,44,22,10.597638,5.770488,4.827150,1381.000000,1203.575192,3.008488,3.518611,9,physical,0,42
padded_benes_16x16,default,3-6-7-4-8-2-5-0-1,6,5,routed,,2240.765467,29,25,9.651972,5.383441,4.268531,1429.000000,811.765467,2.525441,5.159311,9,physical,0,42
padded_benes_16x16,default,3-6-7-4-8-2-5-0-1,7,0,failed,"cannot route padded_benes_16x16_s2_w3_7.drop to padded_benes_16x16_s3_w7_15.in on physical grid: blocked by port access (port_access_overlap_foreign); candidate=(275.000,400.000)->(265.000,400.000) region=I2/padded_benes_16x16_s2_w2_6.in:(279.000,400.000)->(265.000,400.000); soft_repeat=I0/repeated_crossing pair=I0-I7 at=(256.000,508.000) source=I7->I0@(144.000,526.000):(144.000,526.000)->(144.000,539.000)x(115.000,526.000)->(160.000,526.000) counters=port_access:100,window:804,same_net:791,crossing_candidate:129,crossing_budget:0,hard_reserved_crossing:0,soft_repeated_crossing:689,soft_reserved_crossing:0,reserved_spacing:100,segment:2738,pops:11995,max_heap:665",,,,,5.834488,,1413.000000,,3.008488,3.921668,9,physical,0,42
padded_benes_16x16,default,3-6-7-4-8-2-5-0-1,8,1,routed,,2163.889357,35,8,9.760407,6.987628,2.772779,1265.000000,898.889357,4.457628,1.312847,9,physical,0,42
