topology,layout,paths,worst_il_db,avg_il_db,il_p50_db,il_p90_db,il_p95_db,il_p99_db,worst_sxr_db,avg_sxr_db,sxr_p01_db,sxr_p05_db,sxr_violation_count,n_logical,n_physical,layer,seed,eval_mode,train_perms,eval_perms,n_mrr,n_stages,avg_crossing_count
padded_benes_4x4,default,40,2.9354322285712184,2.090100336016505,2.0253386370801176,2.4843854328256687,2.540385432825668,2.9354322285712184,5.516525444102916,11.331623270334225,5.516525444102916,7.497953028032369,40,4,4,logical,42,exhaustive,14,10,6,3,2.9
waksman_4x4,default,40,2.9354322285712184,1.946718362460744,2.0253386370801176,2.476385432825668,2.4843854328256687,2.9354322285712184,5.826867781502603,11.612743277293662,5.826867781502603,7.506612293307288,35,4,4,logical,42,exhaustive,14,10,5,3,1.0
spanke_benes_4x4,default,40,3.3394322285712184,2.4661003360165052,2.68410258419164,3.2834322285712183,3.3394322285712184,3.3394322285712184,4.899655180871968,11.449323612037997,4.899655180871968,4.899655180871968,37,4,4,logical,42,exhaustive,14,10,6,5,0.0
padded_benes_8x8,default,250,5.095053714285364,3.339996736920669,3.2988665313031627,4.072960122794263,4.468006918539814,4.644006918539814,3.798407467455365,9.970422472913054,4.42208944056088,4.716974302011028,244,5,8,logical,42,exhaustive,70,50,20,5,9.58
waksman_5x5,default,250,3.610196175682741,2.6689538884602886,2.8203854328256677,3.3914322285712184,3.3914322285712184,3.6101961756827405,4.761920165662775,10.024862664287818,4.911823430840712,5.061285697027225,244,5,5,logical,42,exhaustive,70,50,8,5,6.38
spanke_benes_5x5,default,250,4.521242971428292,3.5949724928905114,3.865913327048713,4.521242971428292,4.521242971428292,4.521242971428292,2.4684570719318963,7.630776000484005,2.4684570719318963,2.4684570719318963,244,5,5,logical,42,exhaustive,70,50,10,7,0.0
padded_benes_8x8,default,1320,5.095053714285364,3.434124833192872,3.429913327048714,4.136960122794263,4.588006918539814,4.644006918539814,2.3735282106961817,9.165308788491227,2.939728484861765,4.277124136326688,1320,6,8,logical,42,exhaustive,500,220,20,5,14.295454545454545
waksman_6x6,default,1320,4.261242971428291,2.935430027856576,2.8843854328256677,3.690196175682741,3.746196175682741,4.261242971428291,3.104319734571331,9.104083736204121,3.442738425802565,4.925449822463401,1242,6,6,logical,42,exhaustive,500,220,11,5,7.0
spanke_benes_6x6,default,1320,5.703053714285364,4.480060064122034,4.560960122794263,5.498770865651336,5.703053714285364,5.703053714285364,0.3175461989942596,6.192327604724697,0.3175461989942596,1.6196052497405835,1288,6,6,logical,42,exhaustive,500,220,15,9,0.0
padded_benes_8x8,default,2100,5.095053714285364,3.4850724947608045,3.4939133270487135,4.136960122794263,4.524006918539814,4.644006918539814,1.4582364793191842,8.719052046918526,2.9082276795819135,4.343798939312654,2100,7,8,logical,42,sample,500,300,20,5,18.923333333333332
waksman_7x7,default,2100,4.983053714285364,3.1545156880910326,3.1708665313031625,3.880960122794263,4.149242971428292,4.468006918539814,1.5034470260768078,8.43796860912376,3.0322939929085764,3.6613012218300085,2054,7,7,logical,42,sample,500,300,14,5,17.99
spanke_benes_7x7,default,2100,6.884864457142438,5.383302866586558,5.672006918539814,6.433817661396887,6.828864457142437,6.884864457142438,-1.6560770043390618,4.629611557543587,-1.6560770043390618,-0.2203964197160255,2054,7,7,logical,42,sample,500,300,21,11,0.0
padded_benes_8x8,default,2400,5.095053714285364,3.551672122385527,3.6139133270487127,4.192960122794263,4.524006918539814,4.660006918539814,1.4430001952113276,7.7363243518474825,2.7710112600788883,3.1349932969351886,2400,8,8,logical,42,sample,500,300,20,5,22.92
waksman_8x8,default,2400,5.095053714285364,3.312158538108615,3.2988665313031627,4.136960122794263,4.468006918539814,4.644006918539814,1.521981611229267,8.04880966165763,2.828384832963429,3.3201499935007686,2400,8,8,logical,42,sample,500,300,17,5,19.776666666666667
spanke_benes_8x8,default,2400,8.06667519999951,6.329583485929041,6.649534812762859,7.615628404253959,7.8623923513654805,8.06667519999951,-3.507355643502266,3.0594285395502436,-3.507355643502266,-2.0441762470593012,2365,8,8,logical,42,sample,500,300,28,13,0.0
padded_benes_16x16,default,2700,7.61467519999951,5.06117963357765,5.1354412212717575,6.005534812762858,6.285534812762858,6.787628404253958,-0.17069614735129177,6.459424905650455,1.2254981878884574,1.8656330724718637,2664,9,16,logical,42,sample,500,300,56,7,37.413333333333334
waksman_9x9,default,2700,6.092864457142438,3.999736960713066,4.0419133270487135,4.789242971428291,5.008006918539814,5.446770865651337,-0.17474983952110373,6.808458763522455,1.4151386206065575,2.5823632312288374,2664,9,9,logical,42,sample,500,300,21,7,34.163333333333334
spanke_benes_9x9,default,2700,9.248485942856583,7.255210394695459,7.571742055306865,8.677439147111034,8.988203094222555,9.248485942856583,-5.269085856136206,1.7693653919969734,-5.269085856136206,-3.3724554756903604,2664,9,9,logical,42,sample,500,300,36,15,0.0
padded_benes_16x16,default,3000,7.61467519999951,5.169843951096189,5.1914412212717576,6.165534812762859,6.46458160850841,6.85962840425396,-0.6564837163585037,5.976399334633922,0.3318816618380591,1.4514726939209823,3000,10,16,logical,42,sample,500,300,56,7,46.22
waksman_10x10,default,3000,6.092864457142438,4.229325327812201,4.225913327048713,5.064006918539814,5.240006918539814,5.691053714285364,0.10105990568237377,6.223157129226603,1.2495784490911468,2.4551343685675304,2939,10,10,logical,42,sample,500,300,25,7,40.63
spanke_benes_10x10,default,3000,10.430296685713657,8.188921889860007,8.455628404253961,9.817448139811571,9.979249889968106,10.430296685713657,-6.962421823467093,0.414393080051403,-6.962421823467093,-4.765287021057084,2973,10,10,logical,42,sample,500,300,45,17,0.0
padded_benes_16x16,default,3300,7.61467519999951,5.251827979301849,5.2554412212717585,6.22953481276286,6.472581608508409,6.92362840425396,-1.4334086600205451,5.756096717180843,0.17387290127846727,1.4226070936961697,3300,11,16,logical,42,sample,500,300,56,7,57.27333333333333
waksman_11x11,default,3300,6.268864457142438,4.406132006528321,4.455441221271757,5.240006918539814,5.494770865651336,5.841817661396886,-0.442999817055054,5.866045943453897,0.9147625884934656,2.1247511237705314,3273,11,11,logical,42,sample,500,300,29,7,52.653333333333336
spanke_benes_11x11,default,3300,11.612107428570729,9.125585527885573,9.526797843752956,10.95677778419115,11.161060632825176,11.612107428570729,-8.601807471930917,-0.7937232224233185,-7.988502854047264,-6.421770551292493,3273,11,11,logical,42,sample,500,300,55,19,0.0
padded_benes_16x16,default,3600,7.24667519999951,5.310334272721417,5.306488017017308,6.28553481276286,6.520581608508409,6.92362840425396,-1.2116117927329964,5.292644922410008,-0.030526337348014965,1.198737801163761,3600,12,16,logical,42,sample,500,300,56,7,68.42333333333333
waksman_12x12,default,3600,6.636864457142438,4.540222205340248,4.596960122794263,5.478770865651336,5.721817661396886,6.121817661396886,-0.6375678260811141,5.544924780888807,0.7104001771916607,1.3959835991465304,3600,12,12,logical,42,sample,500,300,33,7,52.25333333333333
spanke_benes_12x12,default,3600,12.793918171427801,10.13853044840408,10.588608586610027,12.138588527048222,12.34287137568225,12.793918171427801,-10.197545066370239,-2.144878511094433,-9.555385478826526,-7.960501787322021,3578,12,12,logical,42,sample,500,300,66,21,0.0
padded_benes_16x16,default,3900,7.61467519999951,5.347656134433281,5.375441221271758,6.285534812762858,6.52058160850841,6.92362840425396,-1.4640611857725605,5.176411765993253,0.06720315842706036,1.2714941925309187,3900,13,16,logical,42,sample,500,300,56,7,81.27333333333333
waksman_13x13,default,3900,7.35867519999951,4.727912589546087,4.747724069905786,5.619053714285364,5.885534812762859,6.45658160850841,-1.8699383577932909,5.143890520509476,0.16305332869194142,1.2069659308308143,3886,13,13,logical,42,sample,500,300,37,7,79.22666666666667
spanke_benes_13x13,default,3900,13.975728914284874,11.033036120093106,11.537174283878088,13.116116421271268,13.404682118539323,13.975728914284874,-11.75724141812131,-3.2298648401159333,-10.965379469122398,-9.084374966074279,3886,13,13,logical,42,sample,500,300,78,23,0.0
padded_benes_16x16,default,4200,7.50267519999951,5.384276875173098,5.383441221271758,6.341534812762859,6.472581608508409,6.92362840425396,-1.9137602710681565,4.877823951783038,-0.017957262297112274,0.7756603552714438,4200,14,16,logical,42,sample,500,300,56,7,94.42
waksman_14x14,default,4200,7.35867519999951,4.858966961874447,4.877242971428291,5.873817661396886,6.101534812762859,6.524864457142438,-1.6887678064288292,4.9555983913851565,-0.1410078224690686,0.8997558282163256,4200,14,14,logical,42,sample,500,300,41,7,90.90333333333334
spanke_benes_14x14,default,4200,15.157539657141946,11.989517401193098,12.421060632825178,14.093644315494315,14.50221001276237,15.157539657141946,-13.286673223570503,-4.342158236482448,-12.509665982797909,-10.24877026884339,4175,14,14,logical,42,sample,500,300,91,25,0.0
padded_benes_16x16,default,4500,7.50267519999951,5.387182722516857,5.391441221271757,6.285534812762858,6.520581608508408,6.92362840425396,-1.9882102390579703,4.729809649262068,-0.29002568733103673,0.6710695184406169,4500,15,16,logical,42,sample,500,300,56,7,108.09
waksman_15x15,default,4500,7.35867519999951,4.9939102324001485,4.979724069905787,5.94953481276286,6.272581608508409,6.78762840425396,-1.7871397450907278,4.750173142682095,-0.43783805856694347,0.8025520884987183,4500,15,15,logical,42,sample,500,300,45,7,105.99666666666667
spanke_benes_15x15,default,4500,16.33935039999902,12.915286057995626,13.492230072324174,15.19725680850792,15.670501854096935,16.135067551364994,-14.79033080014159,-5.448392625788505,-13.716026334761153,-11.623251604654325,4483,15,15,logical,42,sample,500,300,105,27,0.0
padded_benes_16x16,default,4800,7.61467519999951,5.413552288765343,5.434488017017308,6.285534812762858,6.47258160850841,6.97162840425396,-1.974151167587161,4.337943839169992,-0.7233278671716143,0.42950162212535914,4800,16,16,logical,42,sample,500,300,56,7,122.80666666666667
waksman_16x16,default,4800,7.61467519999951,5.101243991028612,5.154488017017307,6.141534812762858,6.464581608508408,6.92362840425396,-1.9757019796541628,4.625593561459524,-0.5800344787473342,0.6331952147596098,4800,16,16,logical,42,sample,500,300,49,7,108.29
spanke_benes_16x16,default,4800,17.521161142856094,13.887551379427544,14.52507861822626,16.308303604253467,16.852312596954008,17.316878294222064,-16.271773776773095,-6.5229387870330555,-15.25717202320742,-12.932662250153955,4779,16,16,logical,42,sample,500,300,120,29,0.0
