topology,layout,paths,worst_il_db,avg_il_db,il_std_db,il_iqr_db,il_p50_db,il_p90_db,il_p95_db,il_p99_db,worst_sxr_db,avg_sxr_db,sxr_p01_db,sxr_p05_db,sxr_violation_count,n_logical,n_physical,layer,seed,eval_mode,train_perms,eval_perms,n_mrr,n_stages,avg_crossing_count,crossing_loss_db_per_cross
padded_benes_4x4,default,18,1.2928987946072859,1.1388984043194315,0.14692514658892705,0.06866705695452113,1.175564680698244,1.284031854739121,1.2928987946072859,1.2928987946072859,16.226352891716623,21.36237661963439,16.439683086438247,17.29300386532475,5,3,4,logical,43,exhaustive,0,6,6,3,2.0,0.1
waksman_3x3,default,18,1.1042317376527648,0.9912654727836697,0.05893632535151177,0.05133294304547942,0.9992654727836696,1.03168852946259,1.0605987360641076,1.0955051373350333,15.963169775647373,24.37895369617262,16.24680406029988,17.381341198909904,4,3,3,logical,43,exhaustive,0,6,3,3,2.0,0.1
spanke_benes_3x3,default,18,0.9208987946072856,0.804598806117003,0.07068268076198142,0.11607480197864362,0.842598415829149,0.8711553522443981,0.9101317961959428,0.9187453949250171,16.139084996863467,25.911820219111192,16.441327047563384,17.650295250363058,4,3,3,logical,43,exhaustive,0,6,3,3,0.0,0.1
spanke_benes_rect_3x3,default,18,0.9208987946072856,0.804598806117003,0.07068268076198142,0.11607480197864362,0.842598415829149,0.8711553522443981,0.9101317961959428,0.9187453949250171,16.139084996863467,25.911820219111192,16.441327047563384,17.650295250363058,4,3,3,logical,43,exhaustive,0,6,3,3,0.0,0.1
padded_benes_4x4,default,96,1.3315646806982442,1.1774538948270117,0.1397827445580968,0.14883323576136975,1.2288987946072858,1.2882317376527648,1.2928987946072859,1.3315646806982442,15.742243391814604,18.78051791883377,15.742243391814604,15.761267055104376,64,4,4,logical,43,exhaustive,0,24,6,3,3.0,0.1
waksman_4x4,default,96,1.1928987946072858,1.0309707623924642,0.1016683681310699,0.15600000000000014,1.0692311522209839,1.1738982091755044,1.1802317376527647,1.1928987946072858,15.864242141755827,22.362782869220457,15.870283544965266,16.231146782978,40,4,4,logical,43,exhaustive,0,24,5,3,1.0,0.1
spanke_benes_4x4,default,96,1.5108313243454758,1.309898209175505,0.10802184724335323,0.11999999999999988,1.333048398564573,1.4451980025218603,1.4451980025218603,1.5108313243454758,13.348004461779354,22.036590306495153,13.349824209948707,15.608124219253874,36,4,4,logical,43,exhaustive,0,24,6,5,0.0,0.1
spanke_benes_rect_4x4,default,96,1.2351980025218603,1.0998982091755043,0.09689720611118317,0.14804048141595771,1.1135646806982442,1.2225309455673394,1.2351980025218603,1.2351980025218603,14.653190696647266,22.12114919382412,14.653190696647265,15.848562707721369,44,4,4,logical,43,exhaustive,0,24,6,4,0.0,0.1
padded_benes_8x8,default,600,3.0094972104364346,2.5325551547370324,0.2886185545435606,0.30816734967041093,2.610163096527393,2.843297561695505,2.9085312658022966,2.95867759682141,12.852549921766235,16.360905863211944,12.857234052482893,13.127297966350396,576,5,8,logical,43,exhaustive,0,120,20,5,9.533333333333333,0.1
waksman_5x5,default,600,2.3694972104364345,1.8643092113059914,0.206577200014824,0.2199999999999993,1.9002317376527647,2.0675646806982444,2.1188976237437234,2.31867759682141,12.597042248705321,19.52852702014965,13.425429436237385,14.549221369532884,480,5,5,logical,43,exhaustive,0,120,8,5,6.5,0.1
spanke_benes_5x5,default,600,2.100763854083667,1.8189309455673428,0.14288829697394856,0.20859841582914918,1.8423470210473663,1.9694972104364346,2.0351305322600517,2.088223467698692,11.315199620028451,19.53327396754455,12.00425978222436,12.869859170154063,358,5,5,logical,43,exhaustive,0,120,10,7,0.0,0.1
spanke_benes_rect_5x5,default,600,1.5494972104364346,1.3989309455673402,0.12042119195811188,0.16029920791457442,1.4325309455673394,1.5368301534819135,1.5494972104364346,1.5494972104364346,13.36136791705476,19.64608360487762,13.368991151746597,14.355150993795787,390,5,5,logical,43,exhaustive,0,120,10,5,0.0,0.1
padded_benes_8x8,default,4320,3.2094972104364343,2.65122323610262,0.3029563923979769,0.3498338211931502,2.7228313243454756,2.9581642673909556,3.089497210436434,3.1581642673909553,12.159170955189229,15.687826730645044,12.39076708439101,13.083368822164667,4224,6,8,logical,43,exhaustive,0,720,20,5,14.2,0.1
waksman_6x6,default,4320,2.550831324345476,1.9952682162771394,0.202323806414202,0.24286697089227438,1.9927148700873125,2.269497210436435,2.433497210436434,2.5381642673909557,12.259072429626363,18.45568333574927,12.838688852319454,13.583127249187672,3684,6,6,logical,43,exhaustive,0,720,11,5,7.0,0.1
spanke_benes_6x6,default,4320,2.690696383821858,2.3298303486258547,0.17678889059608413,0.2355658515618062,2.359496039572872,2.547726015402465,2.5594297401746258,2.6780293268673363,9.652562691023569,17.665132089089127,10.174959794966776,11.505889552786567,4008,6,6,logical,43,exhaustive,0,720,15,9,0.0,0.1
spanke_benes_rect_6x6,default,4320,1.8637964183510098,1.6998303486258326,0.14238312719839227,0.18563332182361592,1.7421630965273933,1.8511293613964888,1.8637964183510092,1.8637964183510098,12.323927853899914,17.878465298697424,12.34291856200609,13.106505825615557,3360,6,6,logical,43,exhaustive,0,720,15,6,0.0,0.1
padded_benes_8x8,default,2100,3.2094972104364343,2.717336628669303,0.32512193498112835,0.37666705695452096,2.7641630965273927,3.089497210436435,3.1581642673909553,3.1708313243454755,11.676958767660405,15.234573199672095,12.128535313556124,12.814380928288315,2077,7,8,logical,43,sample,0,300,20,5,18.703333333333333,0.1
waksman_7x7,default,2100,3.4094972104364345,2.44644146970747,0.3571779295640965,0.47503373513090486,2.4598638886128184,2.8381642673909555,3.238164267390956,3.358164267390955,11.439715922275205,16.993023297894755,11.931053933000944,12.980082909301219,1970,7,7,logical,43,sample,0,300,14,5,18.01,0.1
spanke_benes_7x7,default,2100,3.2806289135600486,2.840673266421699,0.21230753509869868,0.2802992079145734,2.8751305322600516,3.0837289480892,3.1493622699128156,3.214995591736433,8.21172551559366,16.06297857005686,9.16190351025279,10.290668178214197,2008,7,7,logical,43,sample,0,300,21,11,0.0,0.1
spanke_benes_rect_7x7,default,2100,2.178095626265584,2.0006732664216935,0.1618817618205366,0.18563332182361658,2.069129361396488,2.1394297401746254,2.1654285693110635,2.178095626265584,11.331491769511553,16.269346514059666,11.42860473555808,12.058965968471822,1987,7,7,logical,43,sample,0,300,21,7,0.0,0.1
padded_benes_8x8,default,2400,3.248163096527393,2.766127227999412,0.3243163911267819,0.3866658860909582,2.8614972104364345,3.1068313243454764,3.1581642673909553,3.1968301534819137,11.612958767660405,14.497479759959067,11.688114710320091,12.170431558388202,2380,8,8,logical,43,sample,0,300,20,5,22.94,0.1
waksman_8x8,default,2400,3.309497210436434,2.548526988102569,0.3732172404559992,0.5480000000000009,2.5798638886128185,3.0381642673909557,3.089497210436435,3.2094972104364343,11.676958767660405,16.399164275726775,12.011511376704053,12.695354813743625,2285,8,8,logical,43,sample,0,300,17,5,19.773333333333333,0.1
spanke_benes_8x8,default,2400,3.8705614432982394,3.352076980005624,0.24487138924021384,0.37549721043643514,3.3724623044419677,3.6609944208728695,3.7266277426964862,3.8049281214746236,6.916410411231158,14.793041777462209,7.735607551632993,8.705249138393134,2319,8,8,logical,43,sample,0,300,28,13,0.0,0.1
spanke_benes_rect_8x8,default,2400,2.4923948341801587,2.3020769800056384,0.17814768894928157,0.21163215096005406,2.3897289480891994,2.4537289480892,2.479727777225638,2.4923948341801587,10.506138315591983,15.111498611476978,11.045826441805048,11.677721249571572,2319,8,8,logical,43,sample,0,300,28,8,0.0,0.1
padded_benes_16x16,default,2700,6.158095626265584,5.028197544559985,0.5352319689393842,0.6546658860909575,5.066095626265584,5.710095626265583,5.8147626832201045,5.950762683220105,8.113006175082155,11.623931062292185,8.374505368398728,9.025439034840685,2678,9,16,logical,43,sample,0,300,56,7,37.31333333333333,0.1
waksman_9x9,default,2700,5.050762683220104,3.4830505875024205,0.46235809771855396,0.5253341139090408,3.472530945567339,3.959196831658298,4.107863888612818,4.720610126559589,8.824952772657799,15.09154081482673,9.943333131972903,11.453015606273775,2592,9,9,logical,43,sample,0,300,21,7,34.343333333333334,0.1
spanke_benes_9x9,default,2700,4.46049397303643,3.867964597932777,0.27545375716010917,0.3785309455673391,3.8967615123565427,4.197960685741965,4.263594007565581,4.382193594258293,5.722303850755934,13.950733102618214,6.571825418511628,7.773204446077326,2620,9,9,logical,43,sample,0,300,36,15,0.0,0.1
spanke_benes_rect_9x9,default,2700,2.8066940420947333,2.6079645979328094,0.19167351798531554,0.19733177218191544,2.689727777225638,2.7680281560037736,2.7940269851402117,2.806694042094733,9.671491746491668,14.370608124286235,10.221655461159429,10.79804112486482,2620,9,9,logical,43,sample,0,300,36,9,0.0,0.1
padded_benes_16x16,default,3000,6.358095626265584,5.127961146380032,0.536729730376189,0.5786682278180839,5.206762683220105,5.774095626265583,5.927429740174626,6.068096797129147,7.894315893838599,11.524544078994625,8.603101018672389,9.054239390313484,2976,10,16,logical,43,sample,0,300,56,7,46.07,0.1
waksman_10x10,default,3000,5.332096797129147,3.766480623667001,0.47433833263961667,0.5969662648690948,3.809497210436435,4.236163096527393,4.471429740174624,5.052763854083667,8.263574220464081,14.424698810369811,9.4028345672985,10.740334648245433,2905,10,10,logical,43,sample,0,300,25,7,40.61666666666667,0.1
spanke_benes_10x10,default,3000,5.05042650277462,4.380830184382979,0.31054002870977615,0.4441642673909554,4.421060720271116,4.733526537303772,4.814860651212814,4.972126123996483,4.60925121699605,12.854663393148332,5.588241882577353,6.7692268530523005,2939,10,10,logical,43,sample,0,300,45,17,0.0,0.1
spanke_benes_rect_10x10,default,3000,3.1209932500093074,2.910830184383031,0.21173884661455508,0.1983003787781379,2.9923285347819113,3.082327363918348,3.082327363918349,3.1209932500093074,8.978143869063697,13.355202003063715,9.436811720410349,9.976348882396955,2939,10,10,logical,43,sample,0,300,45,10,0.0,0.1
padded_benes_16x16,default,3300,6.558095626265583,5.26601297677221,0.5597773902427262,0.6533341139090405,5.338095626265584,5.930095626265583,6.048096797129146,6.248096797129146,7.675828732196011,11.400105229353729,8.44286974462338,9.031716080169344,3281,11,16,logical,43,sample,0,300,56,7,57.21666666666667,0.1
waksman_11x11,default,3300,5.911429740174626,4.114557311407521,0.5304637693602329,0.6609662648690953,4.113497210436435,4.703496039572872,4.881796418351009,5.671429740174625,7.474371333269957,13.77767182115706,8.798047146638591,10.270847859796108,3202,11,11,logical,43,sample,0,300,29,7,52.736666666666665,0.1
spanke_benes_11x11,default,3300,5.64035903251281,4.895282499821933,0.340072541538679,0.48283015348191505,4.94535992818569,5.3091586882638255,5.377825745218345,5.509092388865579,3.557404063287073,12.007141115872203,4.718617472757077,5.737262200528418,3230,11,11,logical,43,sample,0,300,55,19,0.0,0.1
spanke_benes_rect_11x11,default,3300,3.435292457923882,3.215282499821973,0.22247973955356792,0.18466471522739614,3.3066277426964854,3.383959514878403,3.3966265718329236,3.4352924579238815,8.231685954088485,12.672874270712672,8.722365904526294,9.224145938522206,3230,11,11,logical,43,sample,0,300,55,11,0.0,0.1
padded_benes_16x16,default,3600,6.558095626265583,5.3863795352735035,0.5730648984115828,0.6031679351021939,5.470762683220104,6.038362449047392,6.174095626265583,6.363429740174625,7.451144910584855,10.921783868012911,8.152968880258236,8.809145959400807,3591,12,16,logical,43,sample,0,300,56,7,68.24,0.1
waksman_12x12,default,3600,5.7987626832201045,4.162916049151589,0.5873040177979667,0.685034905994466,4.120530945567339,4.922762683220104,5.206762683220104,5.591429740174625,7.691653718032537,13.508102173990286,8.652214954839323,9.670270058103359,3518,12,12,logical,43,sample,0,300,33,7,52.00333333333333,0.1
spanke_benes_12x12,default,3600,6.230291562251002,5.406456804054199,0.38381984990202256,0.5454297401746269,5.469659136100264,5.863459067041963,5.964724539825632,6.099024918603769,2.5498992845357407,10.956279156698407,3.6355660845184152,4.902418500464552,3548,12,12,logical,43,sample,0,300,66,21,0.0,0.1
spanke_benes_rect_12x12,default,3600,3.749591665838456,3.516456804054196,0.24184942016881733,0.19896509400553297,3.619958344014839,3.6982587227929775,3.710925779747498,3.749591665838455,7.617809941523114,11.743622095277626,8.03132347824754,8.834621344995655,3548,12,12,logical,43,sample,0,300,66,12,0.0,0.1
padded_benes_16x16,default,3900,6.655429740174625,5.479351180377776,0.6034125074836344,0.7314997072841098,5.586762683220105,6.148096797129146,6.306762683220105,6.468096797129148,6.83267901068686,10.918390247070692,8.040580322876584,8.651742113687867,3880,13,16,logical,43,sample,0,300,56,7,80.33666666666667,0.1
waksman_13x13,default,3900,7.306762683220105,4.708857837435147,0.6814418688947316,0.7994015841708517,4.616163096527393,5.58979641835101,5.8554297401746265,6.9100956262655835,6.396398684192112,12.80666007531948,7.78770578027427,9.029423063056004,3811,13,13,logical,43,sample,0,300,37,7,79.25666666666666,0.1
spanke_benes_13x13,default,3900,6.820224091989193,5.920245184023534,0.4158165817638083,0.5871293613964879,5.98225989365654,6.426424161047496,6.492620815053471,6.688957448341959,1.5847188134092918,10.123901701612592,2.5969770239973418,3.8002413450889145,3860,13,13,logical,43,sample,0,300,78,23,0.0,0.1
spanke_benes_rect_13x13,default,3900,4.0638908737530315,3.8202451840235456,0.2523372569378233,0.186298037051011,3.9225591015711134,4.01255793070755,4.025224987662072,4.06389087375303,6.954818216019854,11.017182121963979,7.680328559853987,8.155101297611601,3860,13,13,logical,43,sample,0,300,78,13,0.0,0.1
padded_benes_16x16,default,4200,6.7194297401746255,5.5860643589869365,0.6198550723514015,0.7873352847726034,5.674095626265583,6.2994297401746255,6.422762683220105,6.582095626265584,6.614091173059521,10.622190323683261,7.67084648318448,8.454834474252678,4191,14,16,logical,43,sample,0,300,56,7,93.80666666666667,0.1
waksman_14x14,default,4200,7.158095626265584,4.935890529682095,0.7535117851692212,0.9193329430454806,4.923278965353776,5.806762683220105,6.402762683220104,6.876096797129147,6.27326874098928,12.342754649003435,7.562979194723279,8.653450372329775,4117,14,14,logical,43,sample,0,300,41,7,90.69333333333333,0.1
spanke_benes_14x14,default,4200,7.410156621727383,6.435608760149072,0.4476742740664991,0.6466952129582957,6.502556759843989,6.977690804694728,7.081990012609301,7.26622292112563,0.6533494067176591,9.387214284823022,1.7887046885040476,2.8684758218338873,4157,14,14,logical,43,sample,0,300,91,25,0.0,0.1
spanke_benes_rect_14x14,default,4200,4.378190081667606,4.125608760149076,0.26708111257143863,0.19896509400553164,4.236858309485688,4.314190081667606,4.339524195576646,4.378190081667604,6.395932567450067,10.433362306343959,7.070593481653869,7.521688730049225,4157,14,14,logical,43,sample,0,300,91,14,0.0,0.1
padded_benes_16x16,default,4500,6.9194297401746265,5.694348534892383,0.637970728627975,0.805832650329589,5.802095626265584,6.4100956262655835,6.540096797129147,6.706762683220105,6.441427197570958,10.340230863607134,7.3748142186186545,8.121536063720939,4481,15,16,logical,43,sample,0,300,56,7,108.62666666666667,0.1
waksman_15x15,default,4500,7.158095626265585,5.218150871288941,0.7867925545301065,1.1366670569545203,5.137796418351009,6.345796418351009,6.622762683220104,6.8554297401746265,6.379993382800172,11.7835199157561,7.435775883492186,8.281945459735216,4442,15,15,logical,43,sample,0,300,45,7,106.05333333333333,0.1
spanke_benes_15x15,default,4500,8.000089151465573,6.94962039778361,0.4830729205607309,0.6797301189527643,7.026855967758563,7.54065589870026,7.668888807216589,7.803189185994726,-0.24955304263396055,8.607520641264156,1.0606555614663313,2.105718377499549,4456,15,15,logical,43,sample,0,300,105,27,0.0,0.1
spanke_benes_rect_15x15,default,4500,4.69248928958218,4.4296203977835225,0.2787315669386124,0.166665886090958,4.525158688263826,4.615157517400263,4.6411563465367,4.679822232627659,5.771565045630052,9.836346362751533,6.463850248983862,7.13562857268741,4456,15,15,logical,43,sample,0,300,105,15,0.0,0.1
padded_benes_16x16,default,4800,7.119429740174626,5.777457475531515,0.6711810257985504,0.8466658860909586,5.889428569311063,6.527429740174625,6.635429740174626,6.868096797129146,6.441293296465792,9.904395114062954,7.093797861420843,7.794585248982084,4795,16,16,logical,43,sample,0,300,56,7,122.41333333333333,0.1
waksman_16x16,default,4800,7.258095626265583,5.276868118217008,0.8114143228157238,1.2233329430454791,5.240096797129146,6.354095626265583,6.486762683220105,6.722095626265583,6.603667403905544,11.61416204033671,7.461789934618507,8.222709814451033,4725,16,16,logical,43,sample,0,300,49,7,107.96666666666667,0.1
spanke_benes_16x16,default,4800,8.590021681203766,7.46229192360607,0.5211022968501172,0.7453634407763801,7.5281900816676055,8.091922542347492,8.196221750262069,8.393121715732915,-1.1294605271309246,7.75271304641205,0.12225927630255704,1.1731683000947921,4769,16,16,logical,43,sample,0,300,120,29,0.0,0.1
spanke_benes_rect_16x16,default,4800,5.006788497496754,4.732291923606122,0.29225743655416275,0.17393487146531506,4.839457896178399,4.929456725314837,4.955455554451275,4.994121440542234,5.221712908866661,9.151895827421027,5.86973885815922,6.523509072247498,4769,16,16,logical,43,sample,0,300,120,16,0.0,0.1
