topology,layout,permutation,route_status,paths,routed_paths,failed_paths,drc_violation_count,crossing_count,braid_pair_count,max_pair_crossing_count,repeated_crossing_pairs,topology_wiring_um,physical_wiring_um,wiring_delta_um,topology_worst_il_db,physical_worst_il_db,worst_il_delta_db,avg_il_delta_db,grid_pitch_um,grid_merge_tol_um,min_spacing_um,mrr_keepout_um,port_escape_um,crossing_penalty_um,turn_guard_um,turn_timing_penalty_um,backtrack_penalty_um,hairpin_penalty_um,loss_aware_cost,prop_loss_db_per_um,bend_loss_db_per_bend,crossing_loss_db_per_cross,repeated_crossing_loss_db,jog_penalty_db,bend_placement_penalty_db,max_astar_pops,ripup_max_astar_pops,local_repair_max_shift_tracks,route_window_max_detour_tracks,effective_route_window_slack_um,grid_margin_tracks,stage_pitch_um,wire_pitch_um,x_start_um,x_end_um,astar_calls,ripup_passes,ripup_passes_executed,early_stop_enabled,early_stopped,n_logical,layer,perm_idx,seed,runtime_s,failure_rate
padded_benes_4x4,default,1-2-0,routed,3,3,0,0,4,1,2,I0-I1:2,1183.000000,2280.867229,1097.867229,1.175565,2.338892,1.163327,0.901911,8.0,3.5,4.0,6.0,10.0,20.0,16.0,48.0,80.0,200.0,False,0.002,0.005,0.1,0.0,0.0,0.0,8000,4000,8,4,37.0,12,105.0,36.0,20.0,365.000000,3,3,1,True,False,3,physical,0,42,0.416659,0.0
padded_benes_4x4,default,0-2-1,routed,3,3,0,0,5,2,2,I0-I1:2;I0-I2:2,1183.000000,2325.159265,1142.159265,1.175565,2.399600,1.224035,0.994773,8.0,3.5,4.0,6.0,10.0,20.0,16.0,48.0,80.0,200.0,False,0.002,0.005,0.1,0.0,0.0,0.0,8000,4000,8,4,37.0,12,105.0,36.0,20.0,365.000000,4,3,1,True,False,3,physical,1,42,0.497864,0.0
padded_benes_4x4,default,1-0-2,failed,3,2,1,0,2,1,2,I0-I2:2,1207.000000,1302.787596,95.787596,1.280232,1.820686,0.540455,0.587788,8.0,3.5,4.0,6.0,10.0,20.0,16.0,48.0,80.0,200.0,False,0.002,0.005,0.1,0.0,0.0,0.0,8000,4000,8,4,37.0,12,105.0,36.0,20.0,365.000000,7,3,4,True,True,3,physical,2,42,2.595794,0.3333333333333333
padded_benes_4x4,default,2-0-1,routed,3,3,0,0,5,2,2,I0-I1:2;I1-I2:2,1207.000000,2107.451302,900.451302,1.280232,2.172727,0.892496,0.696968,8.0,3.5,4.0,6.0,10.0,20.0,16.0,48.0,80.0,200.0,False,0.002,0.005,0.1,0.0,0.0,0.0,8000,4000,8,4,37.0,12,105.0,36.0,20.0,365.000000,2,3,1,True,False,3,physical,3,42,0.116210,0.0
padded_benes_4x4,default,0-1-2,routed,3,3,0,0,8,3,4,I0-I1:4;I0-I2:2;I1-I2:2,1207.000000,2160.619449,953.619449,1.292899,2.609394,1.316496,0.985746,8.0,3.5,4.0,6.0,10.0,20.0,16.0,48.0,80.0,200.0,False,0.002,0.005,0.1,0.0,0.0,0.0,8000,4000,8,4,37.0,12,105.0,36.0,20.0,365.000000,3,3,1,True,False,3,physical,4,42,0.612265,0.0
padded_benes_4x4,default,2-1-0,routed,3,3,0,0,6,2,3,I0-I1:3;I1-I2:2,1207.000000,2127.889357,920.889357,1.292899,2.477394,1.184496,0.772260,8.0,3.5,4.0,6.0,10.0,20.0,16.0,48.0,80.0,200.0,False,0.002,0.005,0.1,0.0,0.0,0.0,8000,4000,8,4,37.0,12,105.0,36.0,20.0,365.000000,3,3,1,True,False,3,physical,5,42,0.296323,0.0
waksman_3x3,default,1-2-0,routed,3,3,0,0,6,2,3,I0-I1:2;I0-I2:3,1071.000000,1932.765467,861.765467,1.022598,2.171053,1.148455,0.822844,8.0,3.5,4.0,6.0,10.0,20.0,16.0,48.0,80.0,200.0,False,0.002,0.005,0.1,0.0,0.0,0.0,8000,4000,8,4,37.0,12,105.0,36.0,20.0,365.000000,2,3,1,True,False,3,physical,0,42,0.096913,0.0
waksman_3x3,default,0-2-1,routed,3,3,0,0,5,2,2,I0-I1:2;I0-I2:2,1071.000000,1912.327412,841.327412,1.022598,1.866386,0.843788,0.747552,8.0,3.5,4.0,6.0,10.0,20.0,16.0,48.0,80.0,200.0,False,0.002,0.005,0.1,0.0,0.0,0.0,8000,4000,8,4,37.0,12,105.0,36.0,20.0,365.000000,1,3,1,True,False,3,physical,1,42,0.073555,0.0
waksman_3x3,default,1-0-2,routed,3,3,0,0,3,1,2,I0-I2:2,1071.000000,2174.619449,1103.619449,1.104232,2.117177,1.012945,0.785746,8.0,3.5,4.0,6.0,10.0,20.0,16.0,48.0,80.0,200.0,False,0.002,0.005,0.1,0.0,0.0,0.0,8000,4000,8,4,37.0,12,105.0,36.0,20.0,365.000000,3,3,1,True,False,3,physical,2,42,0.237835,0.0
waksman_3x3,default,2-0-1,routed,3,3,0,0,4,1,2,I1-I2:2,1071.000000,1916.619449,845.619449,1.022598,1.943761,0.921163,0.680413,8.0,3.5,4.0,6.0,10.0,20.0,16.0,48.0,80.0,200.0,False,0.002,0.005,0.1,0.0,0.0,0.0,8000,4000,8,4,37.0,12,105.0,36.0,20.0,365.000000,1,3,1,True,False,3,physical,3,42,0.110297,0.0
waksman_3x3,default,0-1-2,routed,3,3,0,0,4,2,2,I0-I1:2;I0-I2:2,1071.000000,1903.933614,832.933614,1.052899,1.837596,0.784697,0.656956,8.0,3.5,4.0,6.0,10.0,20.0,16.0,48.0,80.0,200.0,False,0.002,0.005,0.1,0.0,0.0,0.0,8000,4000,8,4,37.0,12,105.0,36.0,20.0,365.000000,2,3,1,True,False,3,physical,4,42,0.191395,0.0
waksman_3x3,default,2-1-0,routed,3,3,0,0,5,1,3,I1-I2:3,1071.000000,1937.057504,866.057504,1.011933,2.248428,1.236496,0.755705,8.0,3.5,4.0,6.0,10.0,20.0,16.0,48.0,80.0,200.0,False,0.002,0.005,0.1,0.0,0.0,0.0,8000,4000,8,4,37.0,12,105.0,36.0,20.0,365.000000,2,3,1,True,False,3,physical,5,42,0.135450,0.0
spanke_benes_3x3,default,1-2-0,routed,3,3,0,0,4,1,2,I0-I1:2,1091.000000,1841.203522,750.203522,0.855265,1.874345,1.019080,0.810136,8.0,3.5,4.0,6.0,10.0,20.0,16.0,48.0,80.0,200.0,False,0.002,0.005,0.1,0.0,0.0,0.0,8000,4000,8,4,37.0,12,105.0,36.0,20.0,365.000000,1,3,1,True,False,3,physical,0,42,0.103897,0.0
spanke_benes_3x3,default,0-2-1,routed,3,3,0,0,5,2,2,I0-I1:2;I0-I2:2,1091.000000,1885.495559,794.495559,0.855265,1.963053,1.107788,0.902997,8.0,3.5,4.0,6.0,10.0,20.0,16.0,48.0,80.0,200.0,False,0.002,0.005,0.1,0.0,0.0,0.0,8000,4000,8,4,37.0,12,105.0,36.0,20.0,365.000000,2,3,1,True,False,3,physical,1,42,0.153764,0.0
spanke_benes_3x3,default,1-0-2,routed,3,3,0,0,5,2,3,I0-I1:3;I0-I2:2,1091.000000,1895.641578,804.641578,0.908232,2.220019,1.311788,0.908094,8.0,3.5,4.0,6.0,10.0,20.0,16.0,48.0,80.0,200.0,False,0.002,0.005,0.1,0.0,0.0,0.0,8000,4000,8,4,37.0,12,105.0,36.0,20.0,365.000000,3,3,1,True,False,3,physical,2,42,0.094432,0.0
spanke_benes_3x3,default,2-0-1,routed,3,3,0,0,4,1,2,I1-I2:2,1091.000000,1861.203522,770.203522,0.855265,1.914345,1.059080,0.823469,8.0,3.5,4.0,6.0,10.0,20.0,16.0,48.0,80.0,200.0,False,0.002,0.005,0.1,0.0,0.0,0.0,8000,4000,8,4,37.0,12,105.0,36.0,20.0,365.000000,1,3,1,True,False,3,physical,3,42,0.080876,0.0
spanke_benes_3x3,default,0-1-2,routed,3,3,0,0,6,2,4,I0-I1:4;I1-I2:2,1091.000000,1919.933614,828.933614,0.920899,2.537394,1.616496,0.987622,8.0,3.5,4.0,6.0,10.0,20.0,16.0,48.0,80.0,200.0,False,0.002,0.005,0.1,0.0,0.0,0.0,8000,4000,8,4,37.0,12,105.0,36.0,20.0,365.000000,4,3,1,True,False,3,physical,4,42,0.272184,0.0
spanke_benes_3x3,default,2-1-0,routed,3,3,0,0,3,0,1,,1091.000000,1816.911486,725.911486,0.842598,1.626386,0.783788,0.730608,8.0,3.5,4.0,6.0,10.0,20.0,16.0,48.0,80.0,200.0,False,0.002,0.005,0.1,0.0,0.0,0.0,8000,4000,8,4,37.0,12,105.0,36.0,20.0,365.000000,0,3,1,True,False,3,physical,5,42,0.028041,0.0
padded_benes_4x4,default,2-1-3-0,routed,4,4,0,0,16,5,5,I0-I1:2;I0-I2:5;I1-I2:4;I1-I3:2;I2-I3:2,1636.000000,3407.092880,1771.092880,1.292899,3.485683,2.192784,1.511796,8.0,3.5,4.0,6.0,10.0,20.0,16.0,48.0,80.0,200.0,False,0.002,0.005,0.1,0.0,0.0,0.0,8000,4000,8,4,37.0,12,105.0,36.0,20.0,365.000000,7,3,1,True,False,4,physical,0,42,1.315141,0.0
padded_benes_4x4,default,0-3-2-1,routed,4,4,0,0,13,5,3,I0-I1:2;I0-I2:2;I0-I3:2;I1-I2:3;I2-I3:3,1636.000000,3296.407045,1660.407045,1.288232,2.863559,1.575327,1.295204,8.0,3.5,4.0,6.0,10.0,20.0,16.0,48.0,80.0,200.0,False,0.002,0.005,0.1,0.0,0.0,0.0,8000,4000,8,4,37.0,12,105.0,36.0,20.0,365.000000,6,3,1,True,False,4,physical,1,42,0.986786,0.0
padded_benes_4x4,default,3-0-1-2,failed,4,3,1,0,8,3,4,I0-I1:2;I0-I3:4;I1-I3:2,1636.000000,2562.429174,926.429174,1.280232,2.844975,1.564743,1.254619,8.0,3.5,4.0,6.0,10.0,20.0,16.0,48.0,80.0,200.0,False,0.002,0.005,0.1,0.0,0.0,0.0,8000,4000,8,4,37.0,12,105.0,36.0,20.0,365.000000,7,3,4,True,True,4,physical,2,42,2.055426,0.25
padded_benes_4x4,default,3-2-1-0,routed,4,4,0,0,10,2,3,I0-I1:3;I2-I3:3,1636.000000,3240.946861,1604.946861,1.275565,2.588308,1.312743,1.079973,8.0,3.5,4.0,6.0,10.0,20.0,16.0,48.0,80.0,200.0,False,0.002,0.005,0.1,0.0,0.0,0.0,8000,4000,8,4,37.0,12,105.0,36.0,20.0,365.000000,4,3,1,True,False,4,physical,3,42,0.503883,0.0
padded_benes_4x4,default,2-0-3-1,routed,4,4,0,0,15,4,5,I0-I1:2;I0-I2:5;I1-I2:4;I2-I3:2,1636.000000,3386.654825,1750.654825,1.280232,3.485683,2.205451,1.455327,8.0,3.5,4.0,6.0,10.0,20.0,16.0,48.0,80.0,200.0,False,0.002,0.005,0.1,0.0,0.0,0.0,8000,4000,8,4,37.0,12,105.0,36.0,20.0,365.000000,6,3,1,True,False,4,physical,4,42,1.272893,0.0
padded_benes_4x4,default,1-3-0-2,routed,4,4,0,0,11,4,3,I0-I1:2;I0-I3:2;I1-I3:3;I2-I3:2,1636.000000,3275.530935,1639.530935,1.288232,2.863559,1.575327,1.192265,8.0,3.5,4.0,6.0,10.0,20.0,16.0,48.0,80.0,200.0,False,0.002,0.005,0.1,0.0,0.0,0.0,8000,4000,8,4,37.0,12,105.0,36.0,20.0,365.000000,5,3,1,True,False,4,physical,5,42,0.840606,0.0
padded_benes_4x4,default,2-3-1-0,routed,4,4,0,0,13,2,6,I0-I1:6;I2-I3:3,1636.000000,3295.238898,1659.238898,1.288232,3.104975,1.816743,1.254619,8.0,3.5,4.0,6.0,10.0,20.0,16.0,48.0,80.0,200.0,False,0.002,0.005,0.1,0.0,0.0,0.0,8000,4000,8,4,37.0,12,105.0,36.0,20.0,365.000000,5,3,1,True,False,4,physical,6,42,0.907231,0.0
padded_benes_4x4,default,1-3-2-0,failed,4,3,1,0,6,2,3,I0-I2:2;I2-I3:3,1636.000000,2187.451302,551.451302,1.288232,2.374892,1.086660,0.891634,8.0,3.5,4.0,6.0,10.0,20.0,16.0,48.0,80.0,200.0,False,0.002,0.005,0.1,0.0,0.0,0.0,8000,4000,8,4,37.0,12,105.0,36.0,20.0,365.000000,5,3,4,True,True,4,physical,7,42,1.821874,0.25
padded_benes_4x4,default,2-1-0-3,routed,4,4,0,0,19,5,5,I0-I1:2;I0-I3:5;I1-I2:2;I1-I3:4;I2-I3:5,1636.000000,3435.384916,1799.384916,1.292899,3.939058,2.646159,1.673442,8.0,3.5,4.0,6.0,10.0,20.0,16.0,48.0,80.0,200.0,False,0.002,0.005,0.1,0.0,0.0,0.0,8000,4000,8,4,37.0,12,105.0,36.0,20.0,365.000000,7,3,1,True,False,4,physical,8,42,1.027265,0.0
padded_benes_4x4,default,2-3-0-1,routed,4,4,0,0,14,2,6,I0-I1:4;I2-I3:6,1636.000000,3323.530935,1687.530935,1.288232,3.150391,1.862159,1.316265,8.0,3.5,4.0,6.0,10.0,20.0,16.0,48.0,80.0,200.0,False,0.002,0.005,0.1,0.0,0.0,0.0,8000,4000,8,4,37.0,12,105.0,36.0,20.0,365.000000,6,3,1,True,False,4,physical,9,42,1.173624,0.0
padded_benes_4x4,default,0-1-3-2,routed,4,4,0,0,17,6,5,I0-I1:4;I0-I2:2;I0-I3:2;I1-I2:2;I1-I3:2;I2-I3:5,1636.000000,3654.115008,2018.115008,1.292899,3.935807,2.642908,1.726558,8.0,3.5,4.0,6.0,10.0,20.0,16.0,48.0,80.0,200.0,False,0.002,0.005,0.1,0.0,0.0,0.0,8000,4000,8,4,37.0,12,105.0,36.0,20.0,365.000000,8,3,1,True,False,4,physical,10,42,1.686693,0.0
padded_benes_4x4,default,2-0-1-3,routed,4,4,0,0,14,4,4,I0-I1:3;I0-I3:4;I1-I3:2;I2-I3:3,1636.000000,3432.946861,1796.946861,1.280232,3.369642,2.089410,1.425973,8.0,3.5,4.0,6.0,10.0,20.0,16.0,48.0,80.0,200.0,False,0.002,0.005,0.1,0.0,0.0,0.0,8000,4000,8,4,37.0,12,105.0,36.0,20.0,365.000000,6,3,1,True,False,4,physical,11,42,1.034211,0.0
padded_benes_4x4,default,3-1-2-0,routed,4,4,0,0,13,5,3,I0-I1:3;I0-I2:3;I1-I2:2;I1-I3:2;I2-I3:2,1636.000000,3319.676953,1683.676953,1.292899,2.791600,1.498701,1.313088,8.0,3.5,4.0,6.0,10.0,20.0,16.0,48.0,80.0,200.0,False,0.002,0.005,0.1,0.0,0.0,0.0,8000,4000,8,4,37.0,12,105.0,36.0,20.0,365.000000,10,3,2,True,False,4,physical,12,42,2.114522,0.0
padded_benes_4x4,default,1-0-2-3,routed,4,4,0,0,17,6,6,I0-I1:3;I0-I2:2;I0-I3:2;I1-I2:2;I1-I3:2;I2-I3:6,1636.000000,3618.946861,1982.946861,1.280232,3.901890,2.621658,1.718973,8.0,3.5,4.0,6.0,10.0,20.0,16.0,48.0,80.0,200.0,False,0.002,0.005,0.1,0.0,0.0,0.0,8000,4000,8,4,37.0,12,105.0,36.0,20.0,365.000000,7,3,1,True,False,4,physical,13,42,1.478564,0.0
padded_benes_4x4,default,1-2-3-0,routed,4,4,0,0,11,4,3,I0-I1:2;I0-I2:2;I1-I2:2;I2-I3:3,1636.000000,3198.115008,1562.115008,1.280232,2.569435,1.289204,1.148558,8.0,3.5,4.0,6.0,10.0,20.0,16.0,48.0,80.0,200.0,False,0.002,0.005,0.1,0.0,0.0,0.0,8000,4000,8,4,37.0,12,105.0,36.0,20.0,365.000000,4,3,1,True,False,4,physical,14,42,0.817102,0.0
padded_benes_4x4,default,0-2-1-3,routed,4,4,0,0,11,5,2,I0-I1:2;I0-I2:2;I0-I3:2;I1-I3:2;I2-I3:2,1636.000000,3265.822972,1629.822972,1.331565,2.686892,1.355327,1.184911,8.0,3.5,4.0,6.0,10.0,20.0,16.0,48.0,80.0,200.0,False,0.002,0.005,0.1,0.0,0.0,0.0,8000,4000,8,4,37.0,12,105.0,36.0,20.0,365.000000,5,3,1,True,False,4,physical,15,42,0.957843,0.0
padded_benes_4x4,default,3-2-0-1,routed,4,4,0,0,11,2,4,I0-I1:3;I2-I3:4,1636.000000,3255.530935,1619.530935,1.288232,2.811559,1.523327,1.132265,8.0,3.5,4.0,6.0,10.0,20.0,16.0,48.0,80.0,200.0,False,0.002,0.005,0.1,0.0,0.0,0.0,8000,4000,8,4,37.0,12,105.0,36.0,20.0,365.000000,5,3,1,True,False,4,physical,16,42,0.469855,0.0
padded_benes_4x4,default,0-3-1-2,routed,4,4,0,0,14,6,3,I0-I1:2;I0-I2:2;I0-I3:2;I1-I2:3;I1-I3:3;I2-I3:2,1636.000000,3336.115008,1700.115008,1.288232,3.168975,1.880743,1.367558,8.0,3.5,4.0,6.0,10.0,20.0,16.0,48.0,80.0,200.0,False,0.002,0.005,0.1,0.0,0.0,0.0,8000,4000,8,4,37.0,12,105.0,36.0,20.0,365.000000,6,3,1,True,False,4,physical,17,42,1.041514,0.0
padded_benes_4x4,default,3-0-2-1,routed,4,4,0,0,12,4,3,I0-I1:3;I0-I2:3;I1-I2:2;I2-I3:2,1636.000000,3314.946861,1678.946861,1.280232,2.791600,1.511368,1.266973,8.0,3.5,4.0,6.0,10.0,20.0,16.0,48.0,80.0,200.0,False,0.002,0.005,0.1,0.0,0.0,0.0,8000,4000,8,4,37.0,12,105.0,36.0,20.0,365.000000,5,3,1,True,False,4,physical,18,42,0.844987,0.0
padded_benes_4x4,default,1-0-3-2,routed,4,4,0,0,16,6,5,I0-I1:3;I0-I2:2;I0-I3:2;I1-I2:2;I1-I3:2;I2-I3:5,1636.000000,3599.822972,1963.822972,1.280232,3.915807,2.635575,1.651911,8.0,3.5,4.0,6.0,10.0,20.0,16.0,48.0,80.0,200.0,False,0.002,0.005,0.1,0.0,0.0,0.0,8000,4000,8,4,37.0,12,105.0,36.0,20.0,365.000000,7,3,1,True,False,4,physical,19,42,1.532312,0.0
padded_benes_4x4,default,1-2-0-3,failed,4,3,1,0,5,2,2,I0-I3:2;I2-I3:2,1636.000000,2278.867229,642.867229,1.331565,2.434892,1.103327,0.881911,8.0,3.5,4.0,6.0,10.0,20.0,16.0,48.0,80.0,200.0,False,0.002,0.005,0.1,0.0,0.0,0.0,8000,4000,8,4,37.0,12,105.0,36.0,20.0,365.000000,5,3,4,True,True,4,physical,20,42,1.752641,0.25
padded_benes_4x4,default,0-1-2-3,routed,4,4,0,0,16,6,4,I0-I1:4;I0-I2:2;I0-I3:2;I1-I2:2;I1-I3:2;I2-I3:4,1636.000000,3335.575192,1699.575192,1.292899,3.306810,2.013911,1.504788,8.0,3.5,4.0,6.0,10.0,20.0,16.0,48.0,80.0,200.0,False,0.002,0.005,0.1,0.0,0.0,0.0,8000,4000,8,4,37.0,12,105.0,36.0,20.0,365.000000,6,3,1,True,False,4,physical,21,42,1.366771,0.0
padded_benes_4x4,default,0-2-3-1,routed,4,4,0,0,12,5,3,I0-I1:2;I0-I2:2;I0-I3:2;I1-I2:2;I2-I3:3,1636.000000,3242.407045,1606.407045,1.288232,2.811559,1.523327,1.218204,8.0,3.5,4.0,6.0,10.0,20.0,16.0,48.0,80.0,200.0,False,0.002,0.005,0.1,0.0,0.0,0.0,8000,4000,8,4,37.0,12,105.0,36.0,20.0,365.000000,5,3,1,True,False,4,physical,22,42,0.947430,0.0
padded_benes_4x4,default,3-1-0-2,failed,4,3,1,0,8,3,4,I0-I1:2;I0-I3:4;I1-I3:2,1636.000000,2674.429174,1038.429174,1.292899,2.844975,1.552076,1.318619,8.0,3.5,4.0,6.0,10.0,20.0,16.0,48.0,80.0,200.0,False,0.002,0.005,0.1,0.0,0.0,0.0,8000,4000,8,4,37.0,12,105.0,36.0,20.0,365.000000,8,3,4,True,True,4,physical,23,42,2.154531,0.25
waksman_4x4,default,2-1-3-0,routed,4,4,0,0,12,5,3,I0-I1:3;I0-I2:2;I1-I2:2;I1-I3:2;I2-I3:2,1572.000000,3063.137137,1491.137137,1.192899,2.677394,1.484496,1.254319,8.0,3.5,4.0,6.0,10.0,20.0,16.0,48.0,80.0,200.0,False,0.002,0.005,0.1,0.0,0.0,0.0,8000,4000,8,4,37.0,12,105.0,36.0,20.0,365.000000,10,3,2,True,False,4,physical,0,42,1.300252,0.0
waksman_4x4,default,0-3-2-1,routed,4,4,0,0,11,4,3,I0-I1:2;I0-I2:2;I0-I3:2;I2-I3:3,1572.000000,2931.867229,1359.867229,1.091265,2.811559,1.720294,1.132434,8.0,3.5,4.0,6.0,10.0,20.0,16.0,48.0,80.0,200.0,False,0.002,0.005,0.1,0.0,0.0,0.0,8000,4000,8,4,37.0,12,105.0,36.0,20.0,365.000000,4,3,1,True,False,4,physical,1,42,0.557418,0.0
waksman_4x4,default,3-0-1-2,routed,4,4,0,0,9,3,2,I1-I2:2;I1-I3:2;I2-I3:2,1572.000000,2930.991118,1358.991118,1.091265,2.558184,1.466919,1.039496,8.0,3.5,4.0,6.0,10.0,20.0,16.0,48.0,80.0,200.0,False,0.002,0.005,0.1,0.0,0.0,0.0,8000,4000,8,4,37.0,12,105.0,36.0,20.0,365.000000,3,3,1,True,False,4,physical,2,42,0.268425,0.0
waksman_4x4,default,3-2-1-0,routed,4,4,0,0,12,2,5,I0-I3:3;I2-I3:5,1572.000000,2944.407045,1372.407045,1.111565,3.028308,1.916743,1.201204,8.0,3.5,4.0,6.0,10.0,20.0,16.0,48.0,80.0,200.0,False,0.002,0.005,0.1,0.0,0.0,0.0,8000,4000,8,4,37.0,12,105.0,36.0,20.0,365.000000,3,3,1,True,False,4,physical,3,42,0.555083,0.0
waksman_4x4,default,2-0-3-1,failed,4,3,1,0,6,2,3,I0-I1:3;I1-I2:2,1572.000000,2232.035376,660.035376,1.180232,2.314143,1.133911,1.036024,8.0,3.5,4.0,6.0,10.0,20.0,16.0,48.0,80.0,200.0,False,0.002,0.005,0.1,0.0,0.0,0.0,8000,4000,8,4,37.0,12,105.0,36.0,20.0,365.000000,8,3,3,True,True,4,physical,4,42,2.101325,0.25
waksman_4x4,default,1-3-0-2,routed,4,4,0,0,9,3,2,I0-I1:2;I0-I3:2;I2-I3:2,1572.000000,2910.991118,1338.991118,1.091265,2.221517,1.130252,1.029496,8.0,3.5,4.0,6.0,10.0,20.0,16.0,48.0,80.0,200.0,False,0.002,0.005,0.1,0.0,0.0,0.0,8000,4000,8,4,37.0,12,105.0,36.0,20.0,365.000000,3,3,1,True,False,4,physical,5,42,0.397039,0.0
waksman_4x4,default,2-3-1-0,routed,4,4,0,0,11,2,4,I0-I1:4;I2-I3:3,1572.000000,2990.699082,1418.699082,1.111565,2.558892,1.447327,1.171850,8.0,3.5,4.0,6.0,10.0,20.0,16.0,48.0,80.0,200.0,False,0.002,0.005,0.1,0.0,0.0,0.0,8000,4000,8,4,37.0,12,105.0,36.0,20.0,365.000000,3,3,1,True,False,4,physical,6,42,0.575879,0.0
waksman_4x4,default,1-3-2-0,routed,4,4,0,0,10,3,3,I0-I1:2;I0-I2:2;I2-I3:3,1572.000000,2903.283155,1331.283155,1.091265,2.474892,1.383627,1.073142,8.0,3.5,4.0,6.0,10.0,20.0,16.0,48.0,80.0,200.0,False,0.002,0.005,0.1,0.0,0.0,0.0,8000,4000,8,4,37.0,12,105.0,36.0,20.0,365.000000,3,3,1,True,False,4,physical,7,42,0.422783,0.0
waksman_4x4,default,2-1-0-3,routed,4,4,0,0,13,5,3,I0-I1:3;I0-I3:2;I1-I2:2;I1-I3:2;I2-I3:3,1572.000000,3107.137137,1535.137137,1.192899,2.718810,1.525911,1.326319,8.0,3.5,4.0,6.0,10.0,20.0,16.0,48.0,80.0,200.0,False,0.002,0.005,0.1,0.0,0.0,0.0,8000,4000,8,4,37.0,12,105.0,36.0,20.0,365.000000,7,3,1,True,False,4,physical,8,42,0.932275,0.0
waksman_4x4,default,2-3-0-1,routed,4,4,0,0,12,2,6,I0-I1:2;I2-I3:6,1572.000000,3014.699082,1442.699082,1.091265,3.178391,2.087126,1.233850,8.0,3.5,4.0,6.0,10.0,20.0,16.0,48.0,80.0,200.0,False,0.002,0.005,0.1,0.0,0.0,0.0,8000,4000,8,4,37.0,12,105.0,36.0,20.0,365.000000,5,3,1,True,False,4,physical,9,42,0.917012,0.0
waksman_4x4,default,0-1-3-2,routed,4,4,0,0,11,4,4,I0-I1:4;I1-I2:2;I1-I3:2;I2-I3:2,1572.000000,3029.575192,1457.575192,1.192899,2.809394,1.616496,1.183788,8.0,3.5,4.0,6.0,10.0,20.0,16.0,48.0,80.0,200.0,False,0.002,0.005,0.1,0.0,0.0,0.0,8000,4000,8,4,37.0,12,105.0,36.0,20.0,365.000000,6,3,1,True,False,4,physical,10,42,1.001223,0.0
waksman_4x4,default,2-0-1-3,routed,4,4,0,0,12,4,3,I0-I1:3;I0-I3:2;I1-I3:2;I2-I3:3,1572.000000,3086.699082,1514.699082,1.180232,2.552428,1.372196,1.269850,8.0,3.5,4.0,6.0,10.0,20.0,16.0,48.0,80.0,200.0,False,0.002,0.005,0.1,0.0,0.0,0.0,8000,4000,8,4,37.0,12,105.0,36.0,20.0,365.000000,6,3,1,True,False,4,physical,11,42,0.863569,0.0
waksman_4x4,default,3-1-2-0,routed,4,4,0,0,9,2,3,I1-I2:2;I2-I3:3,1572.000000,2908.699082,1336.699082,1.078598,2.502892,1.424294,1.030850,8.0,3.5,4.0,6.0,10.0,20.0,16.0,48.0,80.0,200.0,False,0.002,0.005,0.1,0.0,0.0,0.0,8000,4000,8,4,37.0,12,105.0,36.0,20.0,365.000000,2,3,1,True,False,4,physical,12,42,0.207372,0.0
waksman_4x4,default,1-0-2-3,routed,4,4,0,0,17,6,5,I0-I1:5;I0-I2:2;I0-I3:2;I1-I2:2;I1-I3:2;I2-I3:4,1572.000000,3445.822972,1873.822972,1.180232,3.423807,2.243575,1.706911,8.0,3.5,4.0,6.0,10.0,20.0,16.0,48.0,80.0,200.0,False,0.002,0.005,0.1,0.0,0.0,0.0,8000,4000,8,4,37.0,12,105.0,36.0,20.0,365.000000,7,3,1,True,False,4,physical,13,42,1.400244,0.0
waksman_4x4,default,1-2-3-0,routed,4,4,0,0,11,5,2,I0-I1:2;I0-I2:2;I0-I3:2;I1-I2:2;I2-I3:2,1572.000000,3038.845100,1466.845100,1.180232,2.360019,1.179788,1.194673,8.0,3.5,4.0,6.0,10.0,20.0,16.0,48.0,80.0,200.0,False,0.002,0.005,0.1,0.0,0.0,0.0,8000,4000,8,4,37.0,12,105.0,36.0,20.0,365.000000,9,3,2,True,False,4,physical,14,42,1.046108,0.0
waksman_4x4,default,0-2-1-3,routed,4,4,0,0,11,4,3,I0-I1:2;I0-I3:2;I1-I3:2;I2-I3:3,1572.000000,3062.407045,1490.407045,1.167565,2.552428,1.384863,1.210204,8.0,3.5,4.0,6.0,10.0,20.0,16.0,48.0,80.0,200.0,False,0.002,0.005,0.1,0.0,0.0,0.0,8000,4000,8,4,37.0,12,105.0,36.0,20.0,365.000000,5,3,1,True,False,4,physical,15,42,0.545201,0.0
waksman_4x4,default,3-2-0-1,routed,4,4,0,0,11,1,6,I2-I3:6,1572.000000,3014.261027,1442.261027,1.088232,3.108975,2.020743,1.187381,8.0,3.5,4.0,6.0,10.0,20.0,16.0,48.0,80.0,200.0,False,0.002,0.005,0.1,0.0,0.0,0.0,8000,4000,8,4,37.0,12,105.0,36.0,20.0,365.000000,5,3,1,True,False,4,physical,16,42,0.714150,0.0
waksman_4x4,default,0-3-1-2,routed,4,4,0,0,12,4,4,I0-I1:2;I0-I2:2;I0-I3:2;I2-I3:4,1572.000000,2981.575192,1409.575192,1.091265,2.790184,1.698919,1.209788,8.0,3.5,4.0,6.0,10.0,20.0,16.0,48.0,80.0,200.0,False,0.002,0.005,0.1,0.0,0.0,0.0,8000,4000,8,4,37.0,12,105.0,36.0,20.0,365.000000,5,3,1,True,False,4,physical,17,42,0.742565,0.0
waksman_4x4,default,3-0-2-1,routed,4,4,0,0,10,3,3,I1-I2:2;I1-I3:2;I2-I3:3,1572.000000,2938.991118,1366.991118,1.088232,2.811559,1.723327,1.093496,8.0,3.5,4.0,6.0,10.0,20.0,16.0,48.0,80.0,200.0,False,0.002,0.005,0.1,0.0,0.0,0.0,8000,4000,8,4,37.0,12,105.0,36.0,20.0,365.000000,3,3,1,True,False,4,physical,18,42,0.327916,0.0
waksman_4x4,default,1-0-3-2,routed,4,4,0,0,13,4,5,I0-I1:3;I0-I3:2;I1-I2:2;I2-I3:5,1572.000000,3058.699082,1486.699082,1.180232,2.637177,1.456945,1.305850,8.0,3.5,4.0,6.0,10.0,20.0,16.0,48.0,80.0,200.0,False,0.002,0.005,0.1,0.0,0.0,0.0,8000,4000,8,4,37.0,12,105.0,36.0,20.0,365.000000,12,3,3,True,False,4,physical,19,42,6.778625,0.0
waksman_4x4,default,1-2-0-3,routed,4,4,0,0,12,5,3,I0-I1:2;I0-I2:2;I0-I3:2;I1-I3:2;I2-I3:3,1572.000000,3082.845100,1510.845100,1.180232,2.552428,1.372196,1.266673,8.0,3.5,4.0,6.0,10.0,20.0,16.0,48.0,80.0,200.0,False,0.002,0.005,0.1,0.0,0.0,0.0,8000,4000,8,4,37.0,12,105.0,36.0,20.0,365.000000,6,3,1,True,False,4,physical,20,42,0.631647,0.0
waksman_4x4,default,0-1-2-3,routed,4,4,0,0,16,6,4,I0-I1:4;I0-I2:2;I0-I3:2;I1-I2:2;I1-I3:2;I2-I3:4,1572.000000,3155.283155,1583.283155,1.192899,2.973844,1.780945,1.499142,8.0,3.5,4.0,6.0,10.0,20.0,16.0,48.0,80.0,200.0,False,0.002,0.005,0.1,0.0,0.0,0.0,8000,4000,8,4,37.0,12,105.0,36.0,20.0,365.000000,7,3,1,True,False,4,physical,21,42,1.289551,0.0
waksman_4x4,default,0-2-3-1,routed,4,4,0,0,10,4,2,I0-I1:2;I0-I2:2;I1-I2:2;I2-I3:2,1572.000000,3018.407045,1446.407045,1.167565,2.299053,1.131488,1.138204,8.0,3.5,4.0,6.0,10.0,20.0,16.0,48.0,80.0,200.0,False,0.002,0.005,0.1,0.0,0.0,0.0,8000,4000,8,4,37.0,12,105.0,36.0,20.0,365.000000,8,3,2,True,False,4,physical,22,42,1.013642,0.0
waksman_4x4,default,3-1-0-2,routed,4,4,0,0,8,2,2,I1-I3:2;I2-I3:2,1572.000000,2896.991118,1324.991118,1.091265,2.263761,1.172496,0.972496,8.0,3.5,4.0,6.0,10.0,20.0,16.0,48.0,80.0,200.0,False,0.002,0.005,0.1,0.0,0.0,0.0,8000,4000,8,4,37.0,12,105.0,36.0,20.0,365.000000,2,3,1,True,False,4,physical,23,42,0.284116,0.0
spanke_benes_4x4,default,2-1-3-0,routed,4,4,0,0,8,2,3,I0-I1:3;I0-I2:2,2388.000000,3792.991118,1404.991118,1.432531,3.031150,1.598619,1.162496,8.0,3.5,4.0,6.0,10.0,20.0,16.0,48.0,80.0,200.0,False,0.002,0.005,0.1,0.0,0.0,0.0,8000,4000,8,4,37.0,12,105.0,36.0,20.0,575.000000,3,3,1,True,False,4,physical,0,42,0.640130,0.0
spanke_benes_4x4,default,0-3-2-1,routed,4,4,0,0,9,3,2,I0-I1:2;I0-I2:2;I0-I3:2,2388.000000,3839.283155,1451.283155,1.379565,2.814184,1.434619,1.233142,8.0,3.5,4.0,6.0,10.0,20.0,16.0,48.0,80.0,200.0,False,0.002,0.005,0.1,0.0,0.0,0.0,8000,4000,8,4,37.0,12,105.0,36.0,20.0,575.000000,4,3,1,True,False,4,physical,1,42,0.877636,0.0
spanke_benes_4x4,default,3-0-1-2,routed,4,4,0,0,9,2,4,I1-I2:4;I2-I3:2,2388.000000,3845.283155,1457.283155,1.445198,3.396525,1.951327,1.236142,8.0,3.5,4.0,6.0,10.0,20.0,16.0,48.0,80.0,200.0,False,0.002,0.005,0.1,0.0,0.0,0.0,8000,4000,8,4,37.0,12,105.0,36.0,20.0,575.000000,3,3,1,True,False,4,physical,2,42,0.507056,0.0
spanke_benes_4x4,default,3-2-1-0,routed,4,4,0,0,6,0,1,,2388.000000,3754.115008,1366.115008,1.366898,2.469517,1.102619,1.050558,8.0,3.5,4.0,6.0,10.0,20.0,16.0,48.0,80.0,200.0,False,0.002,0.005,0.1,0.0,0.0,0.0,8000,4000,8,4,37.0,12,105.0,36.0,20.0,575.000000,1,3,1,True,False,4,physical,3,42,0.371081,0.0
spanke_benes_4x4,default,2-0-3-1,routed,4,4,0,0,9,3,3,I0-I1:3;I0-I2:2;I1-I3:2,2388.000000,3841.283155,1453.283155,1.432531,3.031150,1.598619,1.234142,8.0,3.5,4.0,6.0,10.0,20.0,16.0,48.0,80.0,200.0,False,0.002,0.005,0.1,0.0,0.0,0.0,8000,4000,8,4,37.0,12,105.0,36.0,20.0,575.000000,4,3,1,True,False,4,physical,4,42,0.688265,0.0
spanke_benes_4x4,default,1-3-0-2,routed,4,4,0,0,9,3,3,I0-I1:2;I0-I2:3;I0-I3:2,2388.000000,3833.137137,1445.137137,1.379565,2.844986,1.465421,1.231319,8.0,3.5,4.0,6.0,10.0,20.0,16.0,48.0,80.0,200.0,False,0.002,0.005,0.1,0.0,0.0,0.0,8000,4000,8,4,37.0,12,105.0,36.0,20.0,575.000000,3,3,1,True,False,4,physical,5,42,0.360830,0.0
spanke_benes_4x4,default,2-3-1-0,routed,4,4,0,0,7,1,2,I0-I1:2,2388.000000,3778.407045,1390.407045,1.379565,2.717476,1.337911,1.110204,8.0,3.5,4.0,6.0,10.0,20.0,16.0,48.0,80.0,200.0,False,0.002,0.005,0.1,0.0,0.0,0.0,8000,4000,8,4,37.0,12,105.0,36.0,20.0,575.000000,2,3,1,True,False,4,physical,6,42,0.548544,0.0
spanke_benes_4x4,default,1-3-2-0,routed,4,4,0,0,8,2,2,I0-I1:2;I0-I2:2,2388.000000,3790.991118,1402.991118,1.379565,2.725476,1.345911,1.161496,8.0,3.5,4.0,6.0,10.0,20.0,16.0,48.0,80.0,200.0,False,0.002,0.005,0.1,0.0,0.0,0.0,8000,4000,8,4,37.0,12,105.0,36.0,20.0,575.000000,3,3,1,True,False,4,physical,7,42,0.593345,0.0
spanke_benes_4x4,default,2-1-0-3,routed,4,4,0,0,11,3,4,I0-I1:3;I0-I3:4;I1-I2:3,2388.000000,3904.991118,1516.991118,1.432531,3.364566,1.932035,1.368496,8.0,3.5,4.0,6.0,10.0,20.0,16.0,48.0,80.0,200.0,False,0.002,0.005,0.1,0.0,0.0,0.0,8000,4000,8,4,37.0,12,105.0,36.0,20.0,575.000000,5,3,1,True,False,4,physical,8,42,0.480780,0.0
spanke_benes_4x4,default,2-3-0-1,routed,4,4,0,0,8,2,2,I0-I1:2;I2-I3:2,2388.000000,3826.699082,1438.699082,1.379565,2.814184,1.434619,1.181850,8.0,3.5,4.0,6.0,10.0,20.0,16.0,48.0,80.0,200.0,False,0.002,0.005,0.1,0.0,0.0,0.0,8000,4000,8,4,37.0,12,105.0,36.0,20.0,575.000000,3,3,1,True,False,4,physical,9,42,0.639521,0.0
spanke_benes_4x4,default,0-1-3-2,routed,4,4,0,0,11,3,6,I0-I1:6;I1-I2:2;I1-I3:2,2388.000000,3895.867229,1507.867229,1.510831,4.019575,2.508743,1.356434,8.0,3.5,4.0,6.0,10.0,20.0,16.0,48.0,80.0,200.0,False,0.002,0.005,0.1,0.0,0.0,0.0,8000,4000,8,4,37.0,12,105.0,36.0,20.0,575.000000,6,3,1,True,False,4,physical,10,42,1.182008,0.0
spanke_benes_4x4,default,2-0-1-3,routed,4,4,0,0,12,3,4,I0-I2:3;I0-I3:4;I1-I2:4,2388.000000,3941.429174,1553.429174,1.445198,3.396525,1.951327,1.432965,8.0,3.5,4.0,6.0,10.0,20.0,16.0,48.0,80.0,200.0,False,0.002,0.005,0.1,0.0,0.0,0.0,8000,4000,8,4,37.0,12,105.0,36.0,20.0,575.000000,6,3,1,True,False,4,physical,11,42,0.736239,0.0
spanke_benes_4x4,default,3-1-2-0,routed,4,4,0,0,7,1,2,I1-I2:2,2388.000000,3766.699082,1378.699082,1.379565,2.725476,1.345911,1.101850,8.0,3.5,4.0,6.0,10.0,20.0,16.0,48.0,80.0,200.0,False,0.002,0.005,0.1,0.0,0.0,0.0,8000,4000,8,4,37.0,12,105.0,36.0,20.0,575.000000,2,3,1,True,False,4,physical,12,42,0.528162,0.0
spanke_benes_4x4,default,1-0-2-3,routed,4,4,0,0,13,3,5,I0-I1:5;I0-I2:4;I2-I3:4,2388.000000,3967.721210,1579.721210,1.498164,3.702200,2.204035,1.493611,8.0,3.5,4.0,6.0,10.0,20.0,16.0,48.0,80.0,200.0,False,0.002,0.005,0.1,0.0,0.0,0.0,8000,4000,8,4,37.0,12,105.0,36.0,20.0,575.000000,7,3,1,True,False,4,physical,13,42,0.828881,0.0
spanke_benes_4x4,default,1-2-3-0,routed,4,4,0,0,9,2,4,I0-I1:4;I1-I2:2,2388.000000,3817.283155,1429.283155,1.445198,3.348525,1.903327,1.222142,8.0,3.5,4.0,6.0,10.0,20.0,16.0,48.0,80.0,200.0,False,0.002,0.005,0.1,0.0,0.0,0.0,8000,4000,8,4,37.0,12,105.0,36.0,20.0,575.000000,4,3,1,True,False,4,physical,14,42,0.919553,0.0
spanke_benes_4x4,default,0-2-1-3,routed,4,4,0,0,13,4,4,I0-I1:2;I0-I2:4;I1-I2:3;I1-I3:4,2388.000000,3965.721210,1577.721210,1.445198,3.681941,2.236743,1.492611,8.0,3.5,4.0,6.0,10.0,20.0,16.0,48.0,80.0,200.0,False,0.002,0.005,0.1,0.0,0.0,0.0,8000,4000,8,4,37.0,12,105.0,36.0,20.0,575.000000,7,3,1,True,False,4,physical,15,42,0.880393,0.0
spanke_benes_4x4,default,3-2-0-1,routed,4,4,0,0,7,1,2,I2-I3:2,2388.000000,3802.407045,1414.407045,1.379565,2.765476,1.385911,1.122204,8.0,3.5,4.0,6.0,10.0,20.0,16.0,48.0,80.0,200.0,False,0.002,0.005,0.1,0.0,0.0,0.0,8000,4000,8,4,37.0,12,105.0,36.0,20.0,575.000000,1,3,1,True,False,4,physical,16,42,0.163209,0.0
spanke_benes_4x4,default,0-3-1-2,routed,4,4,0,0,10,3,4,I0-I1:2;I0-I2:4;I2-I3:2,2388.000000,3869.575192,1481.575192,1.445198,3.396525,1.951327,1.295788,8.0,3.5,4.0,6.0,10.0,20.0,16.0,48.0,80.0,200.0,False,0.002,0.005,0.1,0.0,0.0,0.0,8000,4000,8,4,37.0,12,105.0,36.0,20.0,575.000000,4,3,1,True,False,4,physical,17,42,0.757414,0.0
spanke_benes_4x4,default,3-0-2-1,routed,4,4,0,0,8,2,2,I1-I2:2;I1-I3:2,2388.000000,3814.991118,1426.991118,1.379565,2.765476,1.385911,1.173496,8.0,3.5,4.0,6.0,10.0,20.0,16.0,48.0,80.0,200.0,False,0.002,0.005,0.1,0.0,0.0,0.0,8000,4000,8,4,37.0,12,105.0,36.0,20.0,575.000000,2,3,1,True,False,4,physical,18,42,0.199319,0.0
spanke_benes_4x4,default,1-0-3-2,routed,4,4,0,0,10,3,5,I0-I1:5;I0-I2:2;I0-I3:2,2388.000000,3871.575192,1483.575192,1.498164,3.702200,2.204035,1.296788,8.0,3.5,4.0,6.0,10.0,20.0,16.0,48.0,80.0,200.0,False,0.002,0.005,0.1,0.0,0.0,0.0,8000,4000,8,4,37.0,12,105.0,36.0,20.0,575.000000,5,3,1,True,False,4,physical,19,42,0.879279,0.0
spanke_benes_4x4,default,1-2-0-3,routed,4,4,0,0,12,3,4,I0-I1:4;I0-I2:3;I1-I3:4,2388.000000,3929.283155,1541.283155,1.445198,3.681941,2.236743,1.428142,8.0,3.5,4.0,6.0,10.0,20.0,16.0,48.0,80.0,200.0,False,0.002,0.005,0.1,0.0,0.0,0.0,8000,4000,8,4,37.0,12,105.0,36.0,20.0,575.000000,6,3,1,True,False,4,physical,20,42,0.968942,0.0
spanke_benes_4x4,default,0-1-2-3,routed,4,4,0,0,14,3,6,I0-I1:6;I1-I2:4;I2-I3:4,2388.000000,3992.013247,1604.013247,1.510831,4.019575,2.508743,1.553257,8.0,3.5,4.0,6.0,10.0,20.0,16.0,48.0,80.0,200.0,False,0.002,0.005,0.1,0.0,0.0,0.0,8000,4000,8,4,37.0,12,105.0,36.0,20.0,575.000000,8,3,1,True,False,4,physical,21,42,1.264193,0.0
spanke_benes_4x4,default,0-2-3-1,routed,4,4,0,0,10,3,4,I0-I1:4;I0-I3:2;I1-I2:2,2388.000000,3865.575192,1477.575192,1.445198,3.348525,1.903327,1.293788,8.0,3.5,4.0,6.0,10.0,20.0,16.0,48.0,80.0,200.0,False,0.002,0.005,0.1,0.0,0.0,0.0,8000,4000,8,4,37.0,12,105.0,36.0,20.0,575.000000,5,3,1,True,False,4,physical,22,42,1.064708,0.0
spanke_benes_4x4,default,3-1-0-2,routed,4,4,0,0,8,2,3,I1-I2:3;I1-I3:2,2388.000000,3808.845100,1420.845100,1.376531,2.962442,1.585911,1.171673,8.0,3.5,4.0,6.0,10.0,20.0,16.0,48.0,80.0,200.0,False,0.002,0.005,0.1,0.0,0.0,0.0,8000,4000,8,4,37.0,12,105.0,36.0,20.0,575.000000,2,3,1,True,False,4,physical,23,42,0.224154,0.0
padded_benes_8x8,default,0-2-3-4-1,routed,5,5,0,0,22,7,4,I0-I1:2;I0-I2:3;I0-I3:2;I0-I4:2;I1-I2:4;I1-I3:2;I2-I3:4,3691.000000,6914.791961,3223.791961,2.758164,4.707237,1.949073,1.540517,8.0,3.5,4.0,6.0,10.0,20.0,16.0,48.0,80.0,200.0,False,0.002,0.005,0.1,0.0,0.0,0.0,8000,4000,8,4,37.0,12,105.0,36.0,20.0,575.000000,11,3,1,True,False,5,physical,0,42,4.451728,0.0
padded_benes_8x8,default,3-2-0-1-4,routed,5,5,0,0,32,10,5,I0-I1:5;I0-I2:3;I0-I3:3;I0-I4:2;I1-I2:3;I1-I3:3;I1-I4:2;I2-I3:5;I2-I4:2;I3-I4:4,3699.000000,6605.668072,2906.668072,2.838164,5.603403,2.765239,1.567667,8.0,3.5,4.0,6.0,10.0,20.0,16.0,48.0,80.0,200.0,False,0.002,0.005,0.1,0.0,0.0,0.0,8000,4000,8,4,37.0,12,105.0,36.0,20.0,575.000000,12,3,1,True,False,5,physical,1,42,5.443319,0.0
padded_benes_8x8,default,3-4-2-1-0,failed,5,4,1,0,13,4,3,I0-I1:2;I0-I2:3;I1-I2:3;I2-I4:3,3787.000000,5171.296402,1384.296402,2.940830,4.431196,1.490366,1.010398,8.0,3.5,4.0,6.0,10.0,20.0,16.0,48.0,80.0,200.0,False,0.002,0.005,0.1,0.0,0.0,0.0,8000,4000,8,4,37.0,12,105.0,36.0,20.0,575.000000,12,3,4,True,True,5,physical,2,42,5.394102,0.2
padded_benes_8x8,default,4-3-0-1-2,routed,5,5,0,0,27,7,5,I0-I1:3;I0-I2:2;I0-I3:3;I1-I2:3;I1-I3:3;I1-I4:5;I2-I3:5,3699.000000,6768.499925,3069.499925,2.838164,5.231403,2.393239,1.400800,8.0,3.5,4.0,6.0,10.0,20.0,16.0,48.0,80.0,200.0,False,0.002,0.005,0.1,0.0,0.0,0.0,8000,4000,8,4,37.0,12,105.0,36.0,20.0,575.000000,13,3,1,True,False,5,physical,3,42,4.998300,0.0
padded_benes_8x8,default,3-4-1-0-2,routed,5,5,0,0,23,8,4,I0-I1:2;I0-I2:3;I0-I3:2;I0-I4:3;I1-I2:2;I1-I3:3;I2-I3:4;I3-I4:2,3787.000000,6823.623814,3036.623814,2.889497,4.962736,2.073239,1.313650,8.0,3.5,4.0,6.0,10.0,20.0,16.0,48.0,80.0,200.0,False,0.002,0.005,0.1,0.0,0.0,0.0,8000,4000,8,4,37.0,12,105.0,36.0,20.0,575.000000,10,3,1,True,False,5,physical,4,42,4.284046,0.0
padded_benes_8x8,default,1-2-0-3-4,routed,5,5,0,0,29,10,4,I0-I1:2;I0-I2:3;I0-I3:4;I0-I4:2;I1-I2:3;I1-I3:4;I1-I4:2;I2-I3:3;I2-I4:4;I3-I4:2,3699.000000,6454.252145,2755.252145,3.009497,4.923945,1.914448,1.423101,8.0,3.5,4.0,6.0,10.0,20.0,16.0,48.0,80.0,200.0,False,0.002,0.005,0.1,0.0,0.0,0.0,8000,4000,8,4,37.0,12,105.0,36.0,20.0,575.000000,9,3,1,True,False,5,physical,5,42,3.985368,0.0
padded_benes_8x8,default,3-4-1-2-0,failed,5,4,1,0,13,4,3,I0-I1:2;I0-I3:3;I1-I3:3;I3-I4:3,3787.000000,5247.150384,1460.150384,2.889497,4.568571,1.679074,1.041575,8.0,3.5,4.0,6.0,10.0,20.0,16.0,48.0,80.0,200.0,False,0.002,0.005,0.1,0.0,0.0,0.0,8000,4000,8,4,37.0,12,105.0,36.0,20.0,575.000000,14,3,3,True,True,5,physical,6,42,7.885849,0.2
padded_benes_8x8,default,3-2-1-4-0,routed,5,5,0,0,19,5,3,I0-I1:3;I0-I3:2;I1-I2:3;I2-I3:3;I2-I4:3,3603.000000,6582.353906,2979.353906,2.753497,4.449780,1.696283,1.205742,8.0,3.5,4.0,6.0,10.0,20.0,16.0,48.0,80.0,200.0,False,0.002,0.005,0.1,0.0,0.0,0.0,8000,4000,8,4,37.0,12,105.0,36.0,20.0,575.000000,10,3,1,True,False,5,physical,7,42,3.510474,0.0
padded_benes_8x8,default,4-0-1-2-3,failed,5,4,1,0,14,3,4,I0-I1:3;I1-I3:4;I3-I4:4,3699.000000,5052.026494,1353.026494,2.889497,4.568571,1.679074,0.930513,8.0,3.5,4.0,6.0,10.0,20.0,16.0,48.0,80.0,200.0,False,0.002,0.005,0.1,0.0,0.0,0.0,8000,4000,8,4,37.0,12,105.0,36.0,20.0,575.000000,10,3,4,True,True,5,physical,8,42,6.238689,0.2
padded_benes_8x8,default,4-2-0-3-1,routed,5,5,0,0,23,7,4,I0-I1:3;I0-I2:3;I0-I3:2;I1-I2:3;I1-I3:4;I2-I3:3;I3-I4:2,3699.000000,6624.791961,2925.791961,3.009497,4.607945,1.598448,1.221317,8.0,3.5,4.0,6.0,10.0,20.0,16.0,48.0,80.0,200.0,False,0.002,0.005,0.1,0.0,0.0,0.0,8000,4000,8,4,37.0,12,105.0,36.0,20.0,575.000000,11,3,1,True,False,5,physical,9,42,4.105747,0.0
padded_benes_8x8,default,1-4-3-2-0,routed,5,5,0,0,28,8,7,I0-I1:2;I0-I2:3;I0-I3:4;I1-I2:2;I1-I3:3;I2-I3:7;I2-I4:2;I3-I4:3,3787.000000,7244.207888,3457.207888,2.958164,6.492819,3.534655,1.757883,8.0,3.5,4.0,6.0,10.0,20.0,16.0,48.0,80.0,200.0,False,0.002,0.005,0.1,0.0,0.0,0.0,8000,4000,8,4,37.0,12,105.0,36.0,20.0,575.000000,13,3,1,True,False,5,physical,10,42,6.952612,0.0
padded_benes_8x8,default,3-1-0-4-2,routed,5,5,0,0,28,9,5,I0-I1:3;I0-I2:3;I0-I3:2;I0-I4:5;I1-I2:5;I1-I3:2;I1-I4:2;I2-I3:3;I2-I4:2,3691.000000,7338.601686,3647.601686,2.638164,5.282358,2.644193,1.965041,8.0,3.5,4.0,6.0,10.0,20.0,16.0,48.0,80.0,200.0,False,0.002,0.005,0.1,0.0,0.0,0.0,8000,4000,8,4,37.0,12,105.0,36.0,20.0,575.000000,15,3,1,True,False,5,physical,11,42,5.946506,0.0
padded_benes_8x8,default,3-2-4-0-1,routed,5,5,0,0,22,7,5,I0-I1:3;I0-I2:2;I0-I3:2;I1-I2:2;I1-I3:3;I2-I3:5;I3-I4:2,3603.000000,6682.207888,3079.207888,2.753497,4.939904,2.186407,1.366683,8.0,3.5,4.0,6.0,10.0,20.0,16.0,48.0,80.0,200.0,False,0.002,0.005,0.1,0.0,0.0,0.0,8000,4000,8,4,37.0,12,105.0,36.0,20.0,575.000000,9,3,1,True,False,5,physical,12,42,4.505797,0.0
padded_benes_8x8,default,1-2-3-0-4,routed,5,5,0,0,30,10,4,I0-I1:2;I0-I2:4;I0-I3:3;I0-I4:2;I1-I2:4;I1-I3:3;I1-I4:2;I2-I3:4;I2-I4:2;I3-I4:4,3699.000000,6534.544182,2835.544182,2.958164,5.290736,2.332572,1.493218,8.0,3.5,4.0,6.0,10.0,20.0,16.0,48.0,80.0,200.0,False,0.002,0.005,0.1,0.0,0.0,0.0,8000,4000,8,4,37.0,12,105.0,36.0,20.0,575.000000,9,3,1,True,False,5,physical,13,42,4.291321,0.0
padded_benes_8x8,default,0-3-4-1-2,routed,5,5,0,0,23,7,6,I0-I1:2;I0-I3:2;I0-I4:2;I1-I3:3;I1-I4:3;I2-I3:6;I3-I4:2,3603.000000,6816.499925,3213.499925,2.766164,4.960571,2.194407,1.498400,8.0,3.5,4.0,6.0,10.0,20.0,16.0,48.0,80.0,200.0,False,0.002,0.005,0.1,0.0,0.0,0.0,8000,4000,8,4,37.0,12,105.0,36.0,20.0,575.000000,12,3,1,True,False,5,physical,14,42,6.148270,0.0
padded_benes_8x8,default,2-3-1-0-4,routed,5,5,0,0,31,10,6,I0-I1:6;I0-I2:3;I0-I3:3;I0-I4:2;I1-I2:3;I1-I3:3;I1-I4:2;I2-I3:4;I2-I4:2;I3-I4:3,3699.000000,6617.668072,2918.668072,2.889497,5.288152,2.398655,1.532467,8.0,3.5,4.0,6.0,10.0,20.0,16.0,48.0,80.0,200.0,False,0.002,0.005,0.1,0.0,0.0,0.0,8000,4000,8,4,37.0,12,105.0,36.0,20.0,575.000000,11,3,1,True,False,5,physical,15,42,5.191485,0.0
padded_benes_8x8,default,3-1-4-0-2,routed,5,5,0,0,21,8,4,I0-I1:3;I0-I3:2;I0-I4:3;I1-I2:2;I1-I3:4;I1-I4:2;I2-I3:2;I3-I4:2,3691.000000,7152.893723,3461.893723,2.689497,5.018358,2.328861,1.608757,8.0,3.5,4.0,6.0,10.0,20.0,16.0,48.0,80.0,200.0,False,0.002,0.005,0.1,0.0,0.0,0.0,8000,4000,8,4,37.0,12,105.0,36.0,20.0,575.000000,13,3,1,True,False,5,physical,16,42,6.271580,0.0
padded_benes_8x8,default,4-0-1-3-2,failed,5,3,2,0,8,2,4,I0-I1:3;I1-I3:4,3699.000000,3947.508806,248.508806,2.889497,4.512070,1.622573,0.914006,8.0,3.5,4.0,6.0,10.0,20.0,16.0,48.0,80.0,200.0,False,0.002,0.005,0.1,0.0,0.0,0.0,8000,4000,8,4,37.0,12,105.0,36.0,20.0,575.000000,15,3,3,True,True,5,physical,17,42,12.504898,0.4
padded_benes_8x8,default,2-0-3-4-1,failed,5,4,1,0,9,2,3,I0-I1:3;I0-I3:2,3603.000000,4908.858347,1305.858347,2.612830,3.704653,1.091823,0.776929,8.0,3.5,4.0,6.0,10.0,20.0,16.0,48.0,80.0,200.0,False,0.002,0.005,0.1,0.0,0.0,0.0,8000,4000,8,4,37.0,12,105.0,36.0,20.0,575.000000,13,3,4,True,True,5,physical,18,42,8.894014,0.2
padded_benes_8x8,default,2-4-1-0-3,routed,5,5,0,0,25,7,5,I0-I1:2;I0-I2:3;I0-I3:2;I0-I4:4;I1-I2:3;I1-I3:3;I2-I3:5,3787.000000,7000.207888,3213.207888,2.889497,5.364152,2.474655,1.460283,8.0,3.5,4.0,6.0,10.0,20.0,16.0,48.0,80.0,200.0,False,0.002,0.005,0.1,0.0,0.0,0.0,8000,4000,8,4,37.0,12,105.0,36.0,20.0,575.000000,12,3,1,True,False,5,physical,19,42,5.692685,0.0
padded_benes_8x8,default,0-2-3-1-4,routed,5,5,0,0,31,10,4,I0-I1:2;I0-I2:4;I0-I3:4;I0-I4:2;I1-I2:4;I1-I3:3;I1-I4:2;I2-I3:4;I2-I4:2;I3-I4:4,3699.000000,6582.836218,2883.836218,2.958164,5.635403,2.677239,1.550534,8.0,3.5,4.0,6.0,10.0,20.0,16.0,48.0,80.0,200.0,False,0.002,0.005,0.1,0.0,0.0,0.0,8000,4000,8,4,37.0,12,105.0,36.0,20.0,575.000000,10,3,1,True,False,5,physical,20,42,4.628643,0.0
padded_benes_8x8,default,2-3-0-4-1,routed,5,5,0,0,22,6,4,I0-I1:4;I0-I2:3;I1-I2:3;I1-I3:2;I2-I3:4;I2-I4:2,3603.000000,6797.915851,3194.915851,2.740830,4.758529,2.017699,1.414966,8.0,3.5,4.0,6.0,10.0,20.0,16.0,48.0,80.0,200.0,False,0.002,0.005,0.1,0.0,0.0,0.0,8000,4000,8,4,37.0,12,105.0,36.0,20.0,575.000000,10,3,1,True,False,5,physical,21,42,5.145206,0.0
padded_benes_8x8,default,4-0-2-1-3,failed,5,4,1,0,14,3,4,I0-I1:3;I1-I2:4;I2-I4:4,3699.000000,4991.880476,1292.880476,2.940830,4.431196,1.490366,0.909690,8.0,3.5,4.0,6.0,10.0,20.0,16.0,48.0,80.0,200.0,False,0.002,0.005,0.1,0.0,0.0,0.0,8000,4000,8,4,37.0,12,105.0,36.0,20.0,575.000000,12,3,4,True,True,5,physical,22,42,6.099075,0.2
padded_benes_8x8,default,4-2-0-1-3,routed,5,5,0,0,26,7,5,I0-I1:3;I0-I2:2;I0-I3:3;I1-I2:3;I1-I3:3;I1-I4:4;I2-I3:5,3699.000000,6674.791961,2975.791961,2.838164,5.189987,2.351823,1.321317,8.0,3.5,4.0,6.0,10.0,20.0,16.0,48.0,80.0,200.0,False,0.002,0.005,0.1,0.0,0.0,0.0,8000,4000,8,4,37.0,12,105.0,36.0,20.0,575.000000,12,3,1,True,False,5,physical,23,42,4.552186,0.0
padded_benes_8x8,default,0-2-1-4-3,routed,5,5,0,0,19,7,3,I0-I1:2;I0-I2:2;I0-I4:2;I1-I2:3;I1-I4:2;I2-I3:3;I2-I4:2,3603.000000,6736.499925,3133.499925,2.753497,4.481780,1.728283,1.306400,8.0,3.5,4.0,6.0,10.0,20.0,16.0,48.0,80.0,200.0,False,0.002,0.005,0.1,0.0,0.0,0.0,8000,4000,8,4,37.0,12,105.0,36.0,20.0,575.000000,11,3,1,True,False,5,physical,24,42,5.446717,0.0
padded_benes_8x8,default,0-1-2-4-3,routed,5,5,0,0,20,5,4,I0-I1:4;I0-I4:2;I1-I2:4;I2-I3:3;I2-I4:3,3603.000000,6782.499925,3179.499925,2.612830,4.531196,1.918366,1.404800,8.0,3.5,4.0,6.0,10.0,20.0,16.0,48.0,80.0,200.0,False,0.002,0.005,0.1,0.0,0.0,0.0,8000,4000,8,4,37.0,12,105.0,36.0,20.0,575.000000,11,3,1,True,False,5,physical,25,42,5.540538,0.0
padded_benes_8x8,default,3-1-0-2-4,routed,5,5,0,0,28,10,4,I0-I1:2;I0-I2:3;I0-I3:4;I0-I4:2;I1-I2:3;I1-I3:4;I1-I4:2;I2-I3:4;I2-I4:2;I3-I4:2,3699.000000,6269.274274,2570.274274,2.838164,4.907155,2.068991,1.302110,8.0,3.5,4.0,6.0,10.0,20.0,16.0,48.0,80.0,200.0,False,0.002,0.005,0.1,0.0,0.0,0.0,8000,4000,8,4,37.0,12,105.0,36.0,20.0,575.000000,9,3,1,True,False,5,physical,26,42,3.918185,0.0
padded_benes_8x8,default,2-4-3-0-1,failed,5,3,2,0,4,1,2,I0-I1:2,3787.000000,3549.946861,-237.053139,2.889497,3.226488,0.336991,0.395965,8.0,3.5,4.0,6.0,10.0,20.0,16.0,48.0,80.0,200.0,False,0.002,0.005,0.1,0.0,0.0,0.0,8000,4000,8,4,37.0,12,105.0,36.0,20.0,575.000000,15,3,4,True,True,5,physical,27,42,11.303639,0.4
padded_benes_8x8,default,1-0-3-2-4,routed,5,5,0,0,35,10,6,I0-I1:3;I0-I2:4;I0-I3:4;I0-I4:2;I1-I2:4;I1-I3:4;I1-I4:2;I2-I3:6;I2-I4:2;I3-I4:4,3699.000000,6940.252145,3241.252145,2.958164,6.755651,3.797487,1.897501,8.0,3.5,4.0,6.0,10.0,20.0,16.0,48.0,80.0,200.0,False,0.002,0.005,0.1,0.0,0.0,0.0,8000,4000,8,4,37.0,12,105.0,36.0,20.0,575.000000,12,3,1,True,False,5,physical,28,42,6.892844,0.0
padded_benes_8x8,default,3-1-2-0-4,failed,5,4,1,0,18,6,4,I0-I1:2;I0-I2:4;I0-I4:2;I1-I2:4;I1-I4:2;I2-I4:4,3699.000000,4995.048623,1296.048623,2.889497,4.747196,1.857699,1.143274,8.0,3.5,4.0,6.0,10.0,20.0,16.0,48.0,80.0,200.0,False,0.002,0.005,0.1,0.0,0.0,0.0,8000,4000,8,4,37.0,12,105.0,36.0,20.0,575.000000,12,3,4,True,True,5,physical,29,42,6.351451,0.2
padded_benes_8x8,default,0-4-2-3-1,routed,5,5,0,0,30,9,8,I0-I1:2;I0-I2:3;I0-I3:4;I0-I4:2;I1-I2:2;I1-I3:3;I2-I3:8;I2-I4:2;I3-I4:3,3787.000000,7296.499925,3509.499925,2.906831,6.445486,3.538655,1.856800,8.0,3.5,4.0,6.0,10.0,20.0,16.0,48.0,80.0,200.0,False,0.002,0.005,0.1,0.0,0.0,0.0,8000,4000,8,4,37.0,12,105.0,36.0,20.0,575.000000,14,3,1,True,False,5,physical,30,42,7.280242,0.0
padded_benes_8x8,default,2-0-4-1-3,routed,5,5,0,0,25,8,4,I0-I1:3;I0-I2:2;I0-I3:2;I0-I4:4;I1-I2:2;I1-I3:3;I1-I4:4;I2-I3:3,3691.000000,7047.331778,3356.331778,2.740830,4.946777,2.205947,1.723533,8.0,3.5,4.0,6.0,10.0,20.0,16.0,48.0,80.0,200.0,False,0.002,0.005,0.1,0.0,0.0,0.0,8000,4000,8,4,37.0,12,105.0,36.0,20.0,575.000000,11,3,1,True,False,5,physical,31,42,5.500329,0.0
padded_benes_8x8,default,1-3-4-2-0,routed,5,5,0,0,21,6,5,I0-I1:2;I0-I2:2;I0-I3:3;I1-I2:2;I1-I3:5;I2-I3:3,3691.000000,6940.207888,3249.207888,2.758164,4.687155,1.928991,1.514683,8.0,3.5,4.0,6.0,10.0,20.0,16.0,48.0,80.0,200.0,False,0.002,0.005,0.1,0.0,0.0,0.0,8000,4000,8,4,37.0,12,105.0,36.0,20.0,575.000000,11,3,1,True,False,5,physical,32,42,4.417243,0.0
padded_benes_8x8,default,2-0-3-1-4,failed,5,4,1,0,14,6,3,I0-I1:3;I0-I3:3;I0-I4:2;I1-I3:2;I1-I4:2;I3-I4:2,3699.000000,4619.194641,920.194641,2.940830,3.963237,1.022407,0.664097,8.0,3.5,4.0,6.0,10.0,20.0,16.0,48.0,80.0,200.0,False,0.002,0.005,0.1,0.0,0.0,0.0,8000,4000,8,4,37.0,12,105.0,36.0,20.0,575.000000,12,3,4,True,True,5,physical,33,42,9.838558,0.2
padded_benes_8x8,default,2-4-0-1-3,routed,5,5,0,0,29,8,8,I0-I1:2;I0-I2:2;I0-I3:3;I0-I4:2;I1-I2:3;I1-I3:3;I2-I3:8;I3-I4:4,3787.000000,6898.499925,3111.499925,2.838164,5.772571,2.934407,1.577600,8.0,3.5,4.0,6.0,10.0,20.0,16.0,48.0,80.0,200.0,False,0.002,0.005,0.1,0.0,0.0,0.0,8000,4000,8,4,37.0,12,105.0,36.0,20.0,575.000000,12,3,1,True,False,5,physical,34,42,5.202271,0.0
padded_benes_8x8,default,1-3-2-4-0,routed,5,5,0,0,21,5,5,I0-I1:2;I0-I2:4;I1-I2:5;I1-I3:2;I2-I3:3,3691.000000,6923.623814,3232.623814,2.706831,4.715485,2.008654,1.512050,8.0,3.5,4.0,6.0,10.0,20.0,16.0,48.0,80.0,200.0,False,0.002,0.005,0.1,0.0,0.0,0.0,8000,4000,8,4,37.0,12,105.0,36.0,20.0,575.000000,11,3,1,True,False,5,physical,35,42,3.567579,0.0
padded_benes_8x8,default,2-4-0-3-1,failed,5,3,2,0,7,2,3,I1-I3:3;I3-I4:3,3787.000000,4503.756586,716.756586,2.838164,4.612070,1.773906,1.115504,8.0,3.5,4.0,6.0,10.0,20.0,16.0,48.0,80.0,200.0,False,0.002,0.005,0.1,0.0,0.0,0.0,8000,4000,8,4,37.0,12,105.0,36.0,20.0,575.000000,17,3,3,True,True,5,physical,36,42,9.822504,0.4
padded_benes_8x8,default,1-2-4-0-3,routed,5,5,0,0,23,8,5,I0-I1:2;I0-I3:3;I0-I4:2;I1-I2:2;I1-I3:3;I1-I4:2;I2-I3:5;I3-I4:2,3603.000000,6774.791961,3171.791961,2.753497,4.954488,2.200991,1.479717,8.0,3.5,4.0,6.0,10.0,20.0,16.0,48.0,80.0,200.0,False,0.002,0.005,0.1,0.0,0.0,0.0,8000,4000,8,4,37.0,12,105.0,36.0,20.0,575.000000,11,3,1,True,False,5,physical,37,42,5.653881,0.0
padded_benes_8x8,default,2-3-0-1-4,routed,5,5,0,0,32,10,7,I0-I1:4;I0-I2:3;I0-I3:3;I0-I4:2;I1-I2:3;I1-I3:3;I1-I4:2;I2-I3:7;I2-I4:2;I3-I4:3,3699.000000,6671.960108,2972.960108,2.838164,5.910235,3.072071,1.592184,8.0,3.5,4.0,6.0,10.0,20.0,16.0,48.0,80.0,200.0,False,0.002,0.005,0.1,0.0,0.0,0.0,8000,4000,8,4,37.0,12,105.0,36.0,20.0,575.000000,12,3,1,True,False,5,physical,38,42,5.916378,0.0
padded_benes_8x8,default,1-3-2-0-4,routed,5,5,0,0,30,9,5,I0-I1:2;I0-I2:4;I0-I3:3;I0-I4:2;I1-I2:5;I1-I3:3;I1-I4:2;I2-I3:4;I3-I4:4,3699.000000,6575.960108,2876.960108,2.906831,5.214736,2.307905,1.513784,8.0,3.5,4.0,6.0,10.0,20.0,16.0,48.0,80.0,200.0,False,0.002,0.005,0.1,0.0,0.0,0.0,8000,4000,8,4,37.0,12,105.0,36.0,20.0,575.000000,10,3,1,True,False,5,physical,39,42,3.619521,0.0
padded_benes_8x8,default,2-1-4-3-0,failed,5,3,2,0,10,3,6,I1-I3:6;I1-I4:2;I3-I4:2,3603.000000,4306.486678,703.486678,2.561497,4.812070,2.250573,1.332991,8.0,3.5,4.0,6.0,10.0,20.0,16.0,48.0,80.0,200.0,False,0.002,0.005,0.1,0.0,0.0,0.0,8000,4000,8,4,37.0,12,105.0,36.0,20.0,575.000000,17,3,3,True,True,5,physical,40,42,13.112631,0.4
padded_benes_8x8,default,2-1-0-4-3,routed,5,5,0,0,29,9,5,I0-I1:3;I0-I2:2;I0-I3:2;I0-I4:4;I1-I2:5;I1-I3:2;I1-I4:4;I2-I3:4;I2-I4:2,3691.000000,7076.061870,3385.061870,2.638164,5.129609,2.491445,1.890025,8.0,3.5,4.0,6.0,10.0,20.0,16.0,48.0,80.0,200.0,False,0.002,0.005,0.1,0.0,0.0,0.0,8000,4000,8,4,37.0,12,105.0,36.0,20.0,575.000000,12,3,1,True,False,5,physical,41,42,6.109164,0.0
padded_benes_8x8,default,3-0-4-1-2,routed,5,5,0,0,25,8,5,I0-I1:3;I0-I3:3;I0-I4:5;I1-I2:2;I1-I3:4;I1-I4:2;I2-I3:2;I3-I4:2,3691.000000,7325.871594,3634.871594,2.740830,5.282358,2.541528,1.844949,8.0,3.5,4.0,6.0,10.0,20.0,16.0,48.0,80.0,200.0,False,0.002,0.005,0.1,0.0,0.0,0.0,8000,4000,8,4,37.0,12,105.0,36.0,20.0,575.000000,13,3,1,True,False,5,physical,42,42,5.471757,0.0
padded_benes_8x8,default,0-4-3-1-2,routed,5,5,0,0,24,8,5,I0-I1:2;I0-I2:3;I0-I3:4;I1-I2:2;I1-I3:3;I2-I3:5;I2-I4:2;I3-I4:2,3787.000000,6902.499925,3115.499925,2.958164,5.372571,2.414407,1.419200,8.0,3.5,4.0,6.0,10.0,20.0,16.0,48.0,80.0,200.0,False,0.002,0.005,0.1,0.0,0.0,0.0,8000,4000,8,4,37.0,12,105.0,36.0,20.0,575.000000,11,3,1,True,False,5,physical,43,42,5.773484,0.0
padded_benes_8x8,default,2-3-1-4-0,routed,5,5,0,0,21,4,5,I0-I1:4;I1-I2:5;I2-I3:3;I2-I4:3,3603.000000,6749.769833,3146.769833,2.753497,4.649780,1.896283,1.356708,8.0,3.5,4.0,6.0,10.0,20.0,16.0,48.0,80.0,200.0,False,0.002,0.005,0.1,0.0,0.0,0.0,8000,4000,8,4,37.0,12,105.0,36.0,20.0,575.000000,11,3,1,True,False,5,physical,44,42,4.569071,0.0
padded_benes_8x8,default,2-3-4-1-0,routed,5,5,0,0,22,4,6,I0-I1:4;I1-I3:3;I2-I3:6;I3-I4:3,3603.000000,6726.353906,3123.353906,2.766164,4.928571,2.162407,1.383342,8.0,3.5,4.0,6.0,10.0,20.0,16.0,48.0,80.0,200.0,False,0.002,0.005,0.1,0.0,0.0,0.0,8000,4000,8,4,37.0,12,105.0,36.0,20.0,575.000000,11,3,1,True,False,5,physical,45,42,4.611751,0.0
padded_benes_8x8,default,0-4-3-2-1,routed,5,5,0,0,29,9,7,I0-I1:2;I0-I2:3;I0-I3:4;I0-I4:2;I1-I2:2;I1-I3:3;I2-I3:7;I2-I4:2;I3-I4:3,3787.000000,7302.499925,3515.499925,2.958164,6.492819,3.534655,1.819200,8.0,3.5,4.0,6.0,10.0,20.0,16.0,48.0,80.0,200.0,False,0.002,0.005,0.1,0.0,0.0,0.0,8000,4000,8,4,37.0,12,105.0,36.0,20.0,575.000000,14,3,1,True,False,5,physical,46,42,7.222188,0.0
padded_benes_8x8,default,1-3-4-0-2,routed,5,5,0,0,24,8,5,I0-I1:2;I0-I3:3;I0-I4:2;I1-I2:2;I1-I3:3;I1-I4:3;I2-I3:5;I3-I4:2,3603.000000,6848.499925,3245.499925,2.753497,4.995904,2.242407,1.551200,8.0,3.5,4.0,6.0,10.0,20.0,16.0,48.0,80.0,200.0,False,0.002,0.005,0.1,0.0,0.0,0.0,8000,4000,8,4,37.0,12,105.0,36.0,20.0,575.000000,12,3,1,True,False,5,physical,47,42,6.669663,0.0
padded_benes_8x8,default,4-0-2-3-1,routed,5,5,0,0,30,9,7,I0-I1:3;I0-I2:2;I0-I3:3;I1-I2:4;I1-I3:4;I1-I4:2;I2-I3:7;I2-I4:2;I3-I4:2,3699.000000,7034.207888,3335.207888,2.906831,6.304318,3.397487,1.709083,8.0,3.5,4.0,6.0,10.0,20.0,16.0,48.0,80.0,200.0,False,0.002,0.005,0.1,0.0,0.0,0.0,8000,4000,8,4,37.0,12,105.0,36.0,20.0,575.000000,16,3,1,True,False,5,physical,48,42,6.773862,0.0
padded_benes_8x8,default,4-2-3-0-1,routed,5,5,0,0,24,7,4,I0-I1:3;I0-I2:2;I0-I3:3;I1-I2:4;I1-I3:3;I2-I3:4;I2-I4:2,3699.000000,6609.083998,2910.083998,2.958164,4.845320,1.887156,1.253034,8.0,3.5,4.0,6.0,10.0,20.0,16.0,48.0,80.0,200.0,False,0.002,0.005,0.1,0.0,0.0,0.0,8000,4000,8,4,37.0,12,105.0,36.0,20.0,575.000000,11,3,1,True,False,5,physical,49,42,4.115274,0.0
padded_benes_8x8,default,1-0-2-3-4,routed,5,5,0,0,32,7,7,I0-I1:4;I0-I2:4;I0-I3:4;I0-I4:2;I1-I2:4;I1-I3:4;I2-I3:7,3699.000000,7064.499925,3365.499925,2.906831,6.304318,3.397487,1.839200,8.0,3.5,4.0,6.0,10.0,20.0,16.0,48.0,80.0,200.0,False,0.002,0.005,0.1,0.0,0.0,0.0,8000,4000,8,4,37.0,12,105.0,36.0,20.0,575.000000,16,3,1,True,False,5,physical,50,42,6.852450,0.0
padded_benes_8x8,default,0-2-1-3-4,routed,5,5,0,0,30,10,4,I0-I1:2;I0-I2:4;I0-I3:4;I0-I4:2;I1-I2:3;I1-I3:4;I1-I4:2;I2-I3:3;I2-I4:4;I3-I4:2,3699.000000,6554.836218,2855.836218,3.009497,5.300612,2.291115,1.499334,8.0,3.5,4.0,6.0,10.0,20.0,16.0,48.0,80.0,200.0,False,0.002,0.005,0.1,0.0,0.0,0.0,8000,4000,8,4,37.0,12,105.0,36.0,20.0,575.000000,10,3,1,True,False,5,physical,51,42,4.663009,0.0
padded_benes_8x8,default,2-1-3-0-4,failed,5,4,1,0,20,6,6,I1-I2:6;I1-I3:3;I1-I4:2;I2-I3:3;I2-I4:4;I3-I4:2,3699.000000,5513.880476,1814.880476,2.889497,5.190695,2.301198,1.324690,8.0,3.5,4.0,6.0,10.0,20.0,16.0,48.0,80.0,200.0,False,0.002,0.005,0.1,0.0,0.0,0.0,8000,4000,8,4,37.0,12,105.0,36.0,20.0,575.000000,16,3,3,True,True,5,physical,52,42,13.438774,0.2
padded_benes_8x8,default,3-4-0-1-2,routed,5,5,0,0,25,8,5,I0-I1:2;I0-I2:3;I0-I3:3;I0-I4:3;I1-I2:2;I1-I3:3;I2-I3:5;I3-I4:2,3787.000000,6849.915851,3062.915851,2.838164,5.363403,2.525239,1.402166,8.0,3.5,4.0,6.0,10.0,20.0,16.0,48.0,80.0,200.0,False,0.002,0.005,0.1,0.0,0.0,0.0,8000,4000,8,4,37.0,12,105.0,36.0,20.0,575.000000,12,3,1,True,False,5,physical,53,42,5.332246,0.0
padded_benes_8x8,default,0-4-1-2-3,routed,5,5,0,0,27,8,4,I0-I1:2;I0-I2:4;I0-I3:3;I1-I2:3;I1-I3:3;I2-I3:4;I2-I4:4;I3-I4:3,3787.000000,6897.376035,3110.376035,2.958164,5.261780,2.303616,1.531150,8.0,3.5,4.0,6.0,10.0,20.0,16.0,48.0,80.0,200.0,False,0.002,0.005,0.1,0.0,0.0,0.0,8000,4000,8,4,37.0,12,105.0,36.0,20.0,575.000000,12,3,1,True,False,5,physical,54,42,4.917877,0.0
padded_benes_8x8,default,2-0-1-4-3,routed,5,5,0,0,29,8,6,I0-I1:3;I0-I2:3;I0-I4:6;I1-I2:4;I1-I3:2;I1-I4:4;I2-I3:3;I2-I4:2,3691.000000,7146.747704,3455.747704,2.689497,5.393609,2.704112,1.927299,8.0,3.5,4.0,6.0,10.0,20.0,16.0,48.0,80.0,200.0,False,0.002,0.005,0.1,0.0,0.0,0.0,8000,4000,8,4,37.0,12,105.0,36.0,20.0,575.000000,12,3,1,True,False,5,physical,55,42,5.146748,0.0
padded_benes_8x8,default,4-3-2-0-1,routed,5,5,0,0,25,7,5,I0-I1:3;I0-I2:2;I0-I3:3;I1-I2:5;I1-I3:3;I2-I3:4;I2-I4:2,3699.000000,6667.083998,2968.083998,2.906831,4.886736,1.979905,1.316234,8.0,3.5,4.0,6.0,10.0,20.0,16.0,48.0,80.0,200.0,False,0.002,0.005,0.1,0.0,0.0,0.0,8000,4000,8,4,37.0,12,105.0,36.0,20.0,575.000000,12,3,1,True,False,5,physical,56,42,4.256675,0.0
padded_benes_8x8,default,1-4-0-2-3,routed,5,5,0,0,23,7,4,I0-I1:2;I0-I2:3;I0-I3:3;I1-I2:3;I1-I3:3;I2-I3:4;I3-I4:3,3787.000000,7014.499925,3227.499925,2.958164,5.037361,2.079197,1.424000,8.0,3.5,4.0,6.0,10.0,20.0,16.0,48.0,80.0,200.0,False,0.002,0.005,0.1,0.0,0.0,0.0,8000,4000,8,4,37.0,12,105.0,36.0,20.0,575.000000,11,3,1,True,False,5,physical,57,42,4.415969,0.0
padded_benes_8x8,default,0-1-3-2-4,routed,5,5,0,0,36,10,6,I0-I1:4;I0-I2:4;I0-I3:4;I0-I4:2;I1-I2:4;I1-I3:4;I1-I4:2;I2-I3:6;I2-I4:2;I3-I4:4,3699.000000,6998.544182,3299.544182,2.958164,6.775651,3.817487,1.958818,8.0,3.5,4.0,6.0,10.0,20.0,16.0,48.0,80.0,200.0,False,0.002,0.005,0.1,0.0,0.0,0.0,8000,4000,8,4,37.0,12,105.0,36.0,20.0,575.000000,13,3,1,True,False,5,physical,58,42,7.212729,0.0
padded_benes_8x8,default,4-1-0-3-2,failed,5,3,2,0,10,2,6,I0-I1:3;I1-I3:6,3699.000000,4032.092880,333.092880,2.838164,4.712070,1.873906,1.086395,8.0,3.5,4.0,6.0,10.0,20.0,16.0,48.0,80.0,200.0,False,0.002,0.005,0.1,0.0,0.0,0.0,8000,4000,8,4,37.0,12,105.0,36.0,20.0,575.000000,14,3,3,True,True,5,physical,59,42,10.961675,0.4
padded_benes_8x8,default,3-0-1-2-4,routed,5,5,0,0,27,10,4,I0-I1:2;I0-I2:3;I0-I3:4;I0-I4:2;I1-I2:2;I1-I3:4;I1-I4:2;I2-I3:4;I2-I4:2;I3-I4:2,3699.000000,6244.836218,2545.836218,2.889497,4.907155,2.017658,1.255334,8.0,3.5,4.0,6.0,10.0,20.0,16.0,48.0,80.0,200.0,False,0.002,0.005,0.1,0.0,0.0,0.0,8000,4000,8,4,37.0,12,105.0,36.0,20.0,575.000000,8,3,1,True,False,5,physical,60,42,3.634675,0.0
padded_benes_8x8,default,3-0-1-4-2,routed,5,5,0,0,27,9,5,I0-I1:3;I0-I2:3;I0-I3:2;I0-I4:5;I1-I2:4;I1-I3:2;I1-I4:2;I2-I3:3;I2-I4:2,3691.000000,7314.163631,3623.163631,2.689497,5.282358,2.592861,1.918265,8.0,3.5,4.0,6.0,10.0,20.0,16.0,48.0,80.0,200.0,False,0.002,0.005,0.1,0.0,0.0,0.0,8000,4000,8,4,37.0,12,105.0,36.0,20.0,575.000000,14,3,1,True,False,5,physical,61,42,5.732663,0.0
padded_benes_8x8,default,1-3-0-2-4,routed,5,5,0,0,30,10,5,I0-I1:2;I0-I2:3;I0-I3:4;I0-I4:2;I1-I2:3;I1-I3:5;I1-I4:2;I2-I3:3;I2-I4:4;I3-I4:2,3699.000000,6564.544182,2865.544182,2.958164,4.997361,2.039197,1.505218,8.0,3.5,4.0,6.0,10.0,20.0,16.0,48.0,80.0,200.0,False,0.002,0.005,0.1,0.0,0.0,0.0,8000,4000,8,4,37.0,12,105.0,36.0,20.0,575.000000,10,3,1,True,False,5,physical,62,42,4.426183,0.0
padded_benes_8x8,default,1-4-3-0-2,routed,5,5,0,0,23,8,5,I0-I1:2;I0-I2:3;I0-I3:3;I1-I2:2;I1-I3:3;I2-I3:5;I2-I4:2;I3-I4:2,3787.000000,6806.791961,3019.791961,2.958164,4.954488,1.996324,1.338917,8.0,3.5,4.0,6.0,10.0,20.0,16.0,48.0,80.0,200.0,False,0.002,0.005,0.1,0.0,0.0,0.0,8000,4000,8,4,37.0,12,105.0,36.0,20.0,575.000000,10,3,1,True,False,5,physical,63,42,5.148059,0.0
padded_benes_8x8,default,1-3-0-4-2,routed,5,5,0,0,23,8,4,I0-I1:2;I0-I2:3;I0-I4:2;I1-I2:3;I1-I3:2;I1-I4:3;I2-I3:4;I2-I4:2,3603.000000,6864.207888,3261.207888,2.740830,4.758529,2.017699,1.519483,8.0,3.5,4.0,6.0,10.0,20.0,16.0,48.0,80.0,200.0,False,0.002,0.005,0.1,0.0,0.0,0.0,8000,4000,8,4,37.0,12,105.0,36.0,20.0,575.000000,12,3,1,True,False,5,physical,64,42,6.725724,0.0
padded_benes_8x8,default,0-2-4-1-3,routed,5,5,0,0,22,7,6,I0-I1:2;I0-I3:2;I0-I4:2;I1-I3:3;I1-I4:2;I2-I3:6;I3-I4:2,3603.000000,6742.791961,3139.791961,2.766164,4.919155,2.152991,1.426917,8.0,3.5,4.0,6.0,10.0,20.0,16.0,48.0,80.0,200.0,False,0.002,0.005,0.1,0.0,0.0,0.0,8000,4000,8,4,37.0,12,105.0,36.0,20.0,575.000000,11,3,1,True,False,5,physical,65,42,5.503377,0.0
padded_benes_8x8,default,3-0-2-1-4,routed,5,5,0,0,28,10,5,I0-I1:2;I0-I2:4;I0-I3:3;I0-I4:2;I1-I2:4;I1-I3:2;I1-I4:2;I2-I3:5;I2-I4:2;I3-I4:2,3699.000000,6343.960108,2644.960108,2.940830,5.056612,2.115782,1.340984,8.0,3.5,4.0,6.0,10.0,20.0,16.0,48.0,80.0,200.0,False,0.002,0.005,0.1,0.0,0.0,0.0,8000,4000,8,4,37.0,12,105.0,36.0,20.0,575.000000,8,3,1,True,False,5,physical,66,42,3.890914,0.0
padded_benes_8x8,default,0-3-2-4-1,routed,5,5,0,0,23,7,5,I0-I1:2;I0-I2:3;I0-I3:2;I0-I4:2;I1-I2:5;I1-I3:2;I2-I3:4,3691.000000,6972.791961,3281.791961,2.706831,4.707237,2.000406,1.603717,8.0,3.5,4.0,6.0,10.0,20.0,16.0,48.0,80.0,200.0,False,0.002,0.005,0.1,0.0,0.0,0.0,8000,4000,8,4,37.0,12,105.0,36.0,20.0,575.000000,12,3,1,True,False,5,physical,67,42,4.608584,0.0
padded_benes_8x8,default,2-1-4-0-3,routed,5,5,0,0,22,7,4,I0-I1:3;I0-I3:2;I0-I4:4;I1-I2:2;I1-I3:3;I1-I4:4;I2-I3:2,3691.000000,6979.477796,3288.477796,2.689497,4.946777,2.257280,1.575391,8.0,3.5,4.0,6.0,10.0,20.0,16.0,48.0,80.0,200.0,False,0.002,0.005,0.1,0.0,0.0,0.0,8000,4000,8,4,37.0,12,105.0,36.0,20.0,575.000000,12,3,1,True,False,5,physical,68,42,5.178962,0.0
padded_benes_8x8,default,0-1-4-3-2,failed,5,4,1,0,18,3,6,I0-I1:4;I1-I3:6;I2-I3:6,3603.000000,5407.150384,1804.150384,2.561497,5.212070,2.650573,1.531575,8.0,3.5,4.0,6.0,10.0,20.0,16.0,48.0,80.0,200.0,False,0.002,0.005,0.1,0.0,0.0,0.0,8000,4000,8,4,37.0,12,105.0,36.0,20.0,575.000000,13,3,3,True,True,5,physical,69,42,11.770278,0.2
padded_benes_8x8,default,1-2-3-4-0,routed,5,5,0,0,21,6,4,I0-I1:2;I0-I2:3;I0-I3:2;I1-I2:4;I1-I3:2;I2-I3:4,3691.000000,6866.499925,3175.499925,2.758164,4.707237,1.949073,1.483200,8.0,3.5,4.0,6.0,10.0,20.0,16.0,48.0,80.0,200.0,False,0.002,0.005,0.1,0.0,0.0,0.0,8000,4000,8,4,37.0,12,105.0,36.0,20.0,575.000000,10,3,1,True,False,5,physical,70,42,4.291072,0.0
padded_benes_8x8,default,1-4-2-0-3,routed,5,5,0,0,24,7,5,I0-I1:2;I0-I2:4;I0-I3:2;I1-I2:3;I1-I3:3;I2-I3:5;I2-I4:3,3787.000000,6962.499925,3175.499925,2.906831,5.324152,2.417321,1.443200,8.0,3.5,4.0,6.0,10.0,20.0,16.0,48.0,80.0,200.0,False,0.002,0.005,0.1,0.0,0.0,0.0,8000,4000,8,4,37.0,12,105.0,36.0,20.0,575.000000,11,3,1,True,False,5,physical,71,42,4.535546,0.0
padded_benes_8x8,default,1-4-2-3-0,routed,5,5,0,0,30,9,7,I0-I1:2;I0-I2:4;I0-I3:4;I0-I4:2;I1-I2:2;I1-I3:3;I2-I3:7;I2-I4:2;I3-I4:3,3787.000000,7239.623814,3452.623814,2.906831,6.404318,3.497487,1.840050,8.0,3.5,4.0,6.0,10.0,20.0,16.0,48.0,80.0,200.0,False,0.002,0.005,0.1,0.0,0.0,0.0,8000,4000,8,4,37.0,12,105.0,36.0,20.0,575.000000,15,3,1,True,False,5,physical,72,42,7.743371,0.0
padded_benes_8x8,default,0-3-1-2-4,routed,5,5,0,0,33,10,5,I0-I1:2;I0-I2:4;I0-I3:4;I0-I4:2;I1-I2:5;I1-I3:5;I1-I4:2;I2-I3:3;I2-I4:4;I3-I4:2,3699.000000,6626.836218,2927.836218,2.958164,5.500612,2.542448,1.648134,8.0,3.5,4.0,6.0,10.0,20.0,16.0,48.0,80.0,200.0,False,0.002,0.005,0.1,0.0,0.0,0.0,8000,4000,8,4,37.0,12,105.0,36.0,20.0,575.000000,11,3,1,True,False,5,physical,73,42,4.839446,0.0
padded_benes_8x8,default,2-0-1-3-4,failed,5,4,1,0,15,6,3,I0-I1:3;I0-I2:3;I0-I4:2;I1-I2:3;I1-I4:2;I2-I4:2,3699.000000,4669.048623,970.048623,2.889497,3.888364,0.998867,0.748274,8.0,3.5,4.0,6.0,10.0,20.0,16.0,48.0,80.0,200.0,False,0.002,0.005,0.1,0.0,0.0,0.0,8000,4000,8,4,37.0,12,105.0,36.0,20.0,575.000000,14,3,4,True,True,5,physical,74,42,8.958204,0.2
padded_benes_8x8,default,4-0-3-2-1,routed,5,5,0,0,29,9,6,I0-I1:3;I0-I2:2;I0-I3:3;I1-I2:4;I1-I3:4;I1-I4:2;I2-I3:6;I2-I4:2;I3-I4:2,3699.000000,7030.499925,3331.499925,2.958164,6.310235,3.352071,1.665600,8.0,3.5,4.0,6.0,10.0,20.0,16.0,48.0,80.0,200.0,False,0.002,0.005,0.1,0.0,0.0,0.0,8000,4000,8,4,37.0,12,105.0,36.0,20.0,575.000000,16,3,1,True,False,5,physical,75,42,7.471889,0.0
padded_benes_8x8,default,4-2-1-0-3,routed,5,5,0,0,26,7,5,I0-I1:3;I0-I2:3;I0-I3:2;I1-I2:3;I1-I3:3;I1-I4:4;I2-I3:5,3699.000000,6764.207888,3065.207888,2.889497,5.130736,2.241239,1.361083,8.0,3.5,4.0,6.0,10.0,20.0,16.0,48.0,80.0,200.0,False,0.002,0.005,0.1,0.0,0.0,0.0,8000,4000,8,4,37.0,12,105.0,36.0,20.0,575.000000,12,3,1,True,False,5,physical,76,42,5.263445,0.0
padded_benes_8x8,default,4-3-2-1-0,routed,5,5,0,0,26,8,5,I0-I1:3;I0-I2:2;I0-I3:2;I1-I2:5;I1-I3:3;I2-I3:4;I2-I4:2;I3-I4:3,3699.000000,6775.522053,3076.522053,2.906831,5.199403,2.292572,1.396609,8.0,3.5,4.0,6.0,10.0,20.0,16.0,48.0,80.0,200.0,False,0.002,0.005,0.1,0.0,0.0,0.0,8000,4000,8,4,37.0,12,105.0,36.0,20.0,575.000000,13,3,1,True,False,5,physical,77,42,4.693066,0.0
